timestamp,vehicle_id,x,y,theta,velocity,gps_available,dt,gps_x,gps_y,gps_theta,gps_velocity,control_steering,control_acceleration
1759676509.7386713,1,-1.735,-0.35,-0.7801621756414647,0.0,False,0.01,nan,nan,nan,nan,0.0,0.0
1759676509.749513,1,-1.735,-0.35,-0.7801621756414647,0.0,False,0.010841608047485352,nan,nan,nan,nan,0.0,0.0
1759676510.5372598,1,-1.7350000141675657,-0.3499998760338013,-0.7230012395177585,0.0,True,0.1,-1.7350000143051147,-0.34999987483024597,-0.717703640460968,0.0,0.0,0.0
1759676510.664453,1,-1.7350000142591175,-0.3499998752327211,-0.7180961326110413,0.0,True,0.1,-1.7350000143051147,-0.34999987483024597,-0.717703640460968,0.0,0.0,0.0
1759676510.7828548,1,-1.7350000142878588,-0.3499998749812348,-0.7176961669199518,0.0,True,0.1,-1.7350000143051147,-0.34999987483024597,-0.717703640460968,0.0,0.0,0.0
1759676510.8947146,1,-1.7350000142985407,-0.34999987488776885,-0.7176726462818905,0.0,True,0.1,-1.7350000143051147,-0.34999987483024597,-0.717703640460968,0.0,0.0,0.0
1759676511.0077593,1,-1.7350000143026045,-0.34999987485220946,-0.7176773893583679,0.0,True,0.1,-1.7350000143051147,-0.34999987483024597,-0.717703640460968,0.0,0.0,0.0
1759676511.1171815,1,-1.735000014304156,-0.3499998748386348,-0.7176825332095937,0.0,True,0.1,-1.7350000143051147,-0.34999987483024597,-0.717703640460968,0.0,0.0,0.0
1759676511.235944,1,-1.7350000143047486,-0.3499998748334502,-0.7176865469268989,0.0,True,0.1,-1.7350000143051147,-0.34999987483024597,-0.717703640460968,0.0,0.0,0.0
1759676511.356543,1,-1.7350000143049749,-0.3499998748314699,-0.717689733535984,0.0,True,0.1,-1.7350000143051147,-0.34999987483024597,-0.717703640460968,0.0,0.0,0.0
1759676511.4794855,1,-1.7350000143050612,-0.3499998748307135,-0.7176923510828193,0.0,True,0.1,-1.7350000143051147,-0.34999987483024597,-0.717703640460968,0.0,0.0,0.0
1759676511.5918348,1,-1.7350000143050943,-0.34999987483042455,-0.7176945477017806,0.0,True,0.1,-1.7350000143051147,-0.34999987483024597,-0.717703640460968,0.0,0.0,0.0
1759676511.7037144,1,-1.735000014305107,-0.3499998748303142,-0.7176964053556745,0.0,True,0.1,-1.7350000143051147,-0.34999987483024597,-0.717703640460968,0.0,0.0,0.0
1759676511.8182707,1,-1.7350000143051119,-0.349999874830272,-0.717697971348791,0.0,True,0.1,-1.7350000143051147,-0.34999987483024597,-0.717703640460968,0.0,0.0,0.0
1759676511.9430609,1,-1.735133011425683,-0.34988376507148733,-0.717601720203147,0.0015178968036946069,True,0.1,-1.7352858781814575,-0.3497503101825714,-0.7174740433692932,0.0015178968036946069,0.12113862946734599,-0.05
1759676512.0582955,1,-1.735183808230072,-0.3498394109943268,-0.7175340388484948,0.0015178968036946069,True,0.1,-1.7352858781814575,-0.3497503101825714,-0.7174740433692932,0.0015178968036946069,0.12138485760653595,-0.05
1759676512.1843886,1,-1.7394100394647891,-0.3461911919324127,-0.714390789954626,0.051673812295157356,True,0.1,-1.7444281578063965,-0.3418365716934204,-0.7101426720619202,0.051673812295157356,0.12138485760653595,-0.05
1759676512.297978,1,-1.7410203686001622,-0.3447931590031481,-0.71215344327811,0.051673812295157356,True,0.1,-1.7444281578063965,-0.3418365716934204,-0.7101426720619202,0.051673812295157356,0.1291858105704442,-0.05
1759676512.4187932,1,-1.7471818863770934,-0.3395216732225542,-0.7078687266994983,0.049705593592868455,True,0.1,-1.7533154487609863,-0.33425650000572205,-0.7028211951255798,0.049705593592868455,0.1291858105704442,-0.05
1759676512.5270772,1,-1.749530223674409,-0.33750214930771305,-0.70477375117337,0.049705593592868455,True,0.1,-1.7533154487609863,-0.33425650000572205,-0.7028211951255798,0.049705593592868455,0.13714506776009117,-0.05
1759676512.64244,1,-1.7557351399490566,-0.3322638414763893,-0.6998640516773236,0.05186524538062495,True,0.1,-1.762012004852295,-0.32694998383522034,-0.6952441334724426,0.05186524538062495,0.13714506776009117,-0.05
1759676512.7649271,1,-1.7580991138039925,-0.3302557850318131,-0.6964382130808247,0.05186524538062495,True,0.1,-1.762012004852295,-0.32694998383522034,-0.6952441334724426,0.05186524538062495,0.145724412631008,-0.05
1759676512.8894522,1,-1.764866496420471,-0.3246318834449347,-0.6910421866524175,0.04843436711451678,True,0.1,-1.771345615386963,-0.31923624873161316,-0.6866705417633057,0.04843436711451678,0.145724412631008,-0.05
1759676513.0026891,1,-1.7674452204324984,-0.3224763044835716,-0.6873094236352664,0.04843436711451678,True,0.1,-1.771345615386963,-0.31923624873161316,-0.6866705417633057,0.04843436711451678,0.15572837895853198,-0.05
1759676513.1190476,1,-1.7739521949177999,-0.3171604734974093,-0.6816849469006119,0.049506375476192084,True,0.1,-1.780339002609253,-0.311934232711792,-0.6779357194900513,0.049506375476192084,0.15572837895853198,-0.05
1759676513.2194011,1,-1.7764312297279172,-0.31512215424803347,-0.677784012742439,0.049506375476192084,True,0.1,-1.780339002609253,-0.311934232711792,-0.6779357194900513,0.049506375476192084,0.20766300407197136,-0.05
1759676513.3393106,1,-1.7826182140449678,-0.3101585757885566,-0.6716565247336419,0.04956359790580107,True,0.1,-1.7888282537460327,-0.3051702678203583,-0.6678836345672607,0.04956359790580107,0.20766300407197136,-0.05
1759676513.461805,1,-1.7849747395544788,-0.3082542945380095,-0.6672185285391894,0.04956359790580107,True,0.1,-1.7888282537460327,-0.3051702678203583,-0.6678836345672607,0.04956359790580107,0.3465910514144426,-0.05
1759676513.5798795,1,-1.7917496362984444,-0.3029587156303177,-0.6582357951367115,0.05213896410073698,True,0.1,-1.798467993736267,-0.2976917624473572,-0.6510567665100098,0.05213896410073698,0.3465910514144426,-0.05
1759676513.6950223,1,-1.7943271564697048,-0.30092284804678515,-0.6516284312580165,0.05213896410073698,True,0.1,-1.798467993736267,-0.2976917624473572,-0.6510567665100098,0.05213896410073698,0.4961353528658421,-0.05
1759676513.8132157,1,-1.8011619710391462,-0.29578248558567444,-0.637995001432559,0.049863017306449306,True,0.1,-1.8078358173370361,-0.2907358407974243,-0.6262412667274475,0.049863017306449306,0.6,-0.05
1759676513.9305327,1,-1.8037574406119186,-0.29379885405486506,-0.6285898829191048,0.049863017306449306,True,0.1,-1.8078358173370361,-0.2907358407974243,-0.6262412667274475,0.049863017306449306,0.6,-0.05
1759676514.0490508,1,-1.8107330881982682,-0.28886357818349706,-0.6090710878600465,0.05039262828320383,True,0.1,-1.817563772201538,-0.28398260474205017,-0.5907153487205505,0.05039262828320383,0.6,-0.05
1759676514.163897,1,-1.8133763144697461,-0.2869486561768096,-0.5953467943988819,0.05039262828320383,True,0.1,-1.817563772201538,-0.28398260474205017,-0.5907153487205505,0.05039262828320383,0.6,-0.05
1759676514.27996,1,-1.8203803028308847,-0.28232531486139445,-0.573589372993137,0.04907715226731247,True,0.1,-1.8272210359573364,-0.2777680456638336,-0.556265115737915,0.04907715226731247,0.6,-0.05
1759676514.3971279,1,-1.8230337016901317,-0.2805262618150436,-0.5586506499891328,0.04907715226731247,True,0.1,-1.8272210359573364,-0.2777680456638336,-0.556265115737915,0.04907715226731247,0.6,-0.01740342073416066
1759676514.5162144,1,-1.8287329339345078,-0.276967306332848,-0.5408589177950542,0.03383520761672425,True,0.1,-1.8340290784835815,-0.2736603319644928,-0.5324130654335022,0.03383520761672425,0.6,-0.01740342073416066
1759676514.6289933,1,-1.8308981919005451,-0.27558887247314806,-0.5290004899385288,0.03383520761672425,True,0.1,-1.8340290784835815,-0.2736603319644928,-0.5324130654335022,0.03383520761672425,0.6,0.03141992343838527
1759676514.7541783,1,-1.8315271569530265,-0.2751730755681929,-0.5252804526796915,0.007883745765982601,True,0.1,-1.8323365449905396,-0.27467024326324463,-0.5383268594741821,0.007883745765982601,0.6,0.03141992343838527
1759676514.8661213,1,-1.8317668686236819,-0.275013341919485,-0.5238771037288998,0.007883745765982601,True,0.1,-1.8323365449905396,-0.27467024326324463,-0.5383268594741821,0.007883745765982601,0.6,0.0778931453169566
1759676514.9882526,1,-1.8234424791680184,-0.2801552896629573,-0.5378805472047503,0.05577353678065621,True,0.1,-1.8212776184082031,-0.2816005349159241,-0.5774866938591003,0.05577353678065621,0.6,0.0778931453169566
1759676515.0916927,1,-1.8202779771535516,-0.28214495475981294,-0.5505646781249176,0.05577353678065621,True,0.1,-1.8212776184082031,-0.2816005349159241,-0.5774866938591003,0.05577353678065621,0.6,0.08689415951200666
1759676515.2174935,1,-1.8082787465181993,-0.2903899156304659,-0.5814216137873895,0.08794477065244617,True,0.1,-1.8054803609848022,-0.2926182746887207,-0.635187566280365,0.08794477065244617,0.5820132615017641,0.13061150426802037
1759676515.3236687,1,-1.803749557549589,-0.2936235042563183,-0.6055813334928111,0.08794477065244617,True,0.1,-1.8054803609848022,-0.2926182746887207,-0.635187566280365,0.08794477065244617,0.48162643859371457,0.09882000861836134
1759676515.4506323,1,-1.788440559677028,-0.30577156584711707,-0.6487509007461476,0.11363947369327532,True,0.1,-1.784730315208435,-0.30924808979034424,-0.7058213949203491,0.11363947369327532,0.40089259238239094,0.14362984965693168
1759676515.5572386,1,-1.782699504202657,-0.31055703278105734,-0.680454375143416,0.11363947369327532,True,0.1,-1.784730315208435,-0.30924808979034424,-0.7058213949203491,0.11363947369327532,0.27235798185905935,0.10593038761359658
1759676515.6703236,1,-1.7674588287513033,-0.32431264364278284,-0.7189579471464018,0.12682459484920172,True,0.1,-1.7641099691390991,-0.32785531878471375,-0.7532904148101807,0.12682459484920172,0.20941235096766064,0.15253132472700065
1759676515.7838044,1,-1.761753257383329,-0.3297033592289358,-0.7453455508071727,0.12682459484920172,True,0.1,-1.7641099691390991,-0.32785531878471375,-0.7532904148101807,0.12682459484920172,0.12074404486991952,0.11783573400920802
1759676515.8977735,1,-1.7456047040392666,-0.3454589612128534,-0.7713612841994006,0.13348463350692705,True,0.1,-1.7416716814041138,-0.3495848774909973,-0.7795335650444031,0.13348463350692705,0.07647109503272986,0.16350315285263492
1759676516.000646,1,-1.7395233340849205,-0.35156832096430185,-0.7880420797786343,0.13348463350692705,True,0.1,-1.7416716814041138,-0.3495848774909973,-0.7795335650444031,0.13348463350692705,-0.010570385034194274,0.18132540871244754
1759676516.1145425,1,-1.7198366718415916,-0.37135774951129286,-0.7989227141825346,0.17124859461023823,True,0.1,-1.7151272296905518,-0.3760782778263092,-0.7848592400550842,0.17124859461023823,-0.010570385034194274,0.18132540871244754
1759676516.2166164,1,-1.71236440348651,-0.3789631938587799,-0.8045324775898219,0.17124859461023823,True,0.1,-1.7151272296905518,-0.3760782778263092,-0.7848592400550842,0.17124859461023823,-0.04771502356735091,0.1762961109731526
1759676516.3280184,1,-1.6923940213638464,-0.3989565847922614,-0.8040248480428662,0.18775889289254663,True,0.1,-1.688102126121521,-0.4029558002948761,-0.7791834473609924,0.18775889289254663,-0.04771502356735091,0.1762961109731526
1759676516.4343653,1,-1.6847620888120878,-0.40658959873260436,-0.8017979634909622,0.18775889289254663,True,0.1,-1.688102126121521,-0.4029558002948761,-0.7791834473609924,0.18775889289254663,-0.06027774436364375,0.17867654559711418
1759676516.5426543,1,-1.6650924270397083,-0.4258314663306026,-0.794703007793018,0.17611856777972776,True,0.1,-1.6605137586593628,-0.42990991473197937,-0.7687442302703857,0.17611856777972776,-0.06027774436364375,0.17867654559711418
1759676516.661813,1,-1.6575454536509857,-0.43314816491970526,-0.7884072471384904,0.17611856777972776,True,0.1,-1.6605137586593628,-0.42990991473197937,-0.7687442302703857,0.17611856777972776,-0.06115592563038774,0.1942151048834266
1759676516.7749321,1,-1.6353037269608075,-0.4543530797051334,-0.7782783394696882,0.1829221842188416,True,0.1,-1.6295384168624878,-0.459451287984848,-0.7557433843612671,0.1829221842188416,-0.06115592563038774,0.1942151048834266
1759676516.9105613,1,-1.6267595297992496,-0.46240369969320133,-0.7703309891611898,0.1829221842188416,True,0.1,-1.6295384168624878,-0.459451287984848,-0.7557433843612671,0.1829221842188416,-0.05258391736154877,0.19817828798523454
1759676517.0253115,1,-1.6006317338071385,-0.4866211694813003,-0.7593007173675268,0.19785052058182703,True,0.1,-1.59327232837677,-0.49308642745018005,-0.7415370941162109,0.19785052058182703,-0.06374171129109207,0.24727818058745324
1759676517.1532362,1,-1.5905965167551455,-0.4958136552044901,-0.7509711971402382,0.19785052058182703,True,0.1,-1.59327232837677,-0.49308642745018005,-0.7415370941162109,0.19785052058182703,-0.03834032466887116,0.189632410187537
1759676517.270153,1,-1.5612739716008845,-0.5221926455043102,-0.7401522849541351,0.2169106951533231,True,0.1,-1.5529654026031494,-0.5293630361557007,-0.7270098328590393,0.2169106951533231,-0.060356882884185836,0.24512818744612272
1759676517.3910754,1,-1.550014084731854,-0.5322037124895276,-0.7325396087320328,0.2169106951533231,True,0.1,-1.5529654026031494,-0.5293630361557007,-0.7270098328590393,0.2169106951533231,-0.069753016350246,0.22823024822979607
1759676517.5118697,1,-1.51800057969889,-0.5601233063722553,-0.7205358054331761,0.24535887516360128,True,0.1,-1.5095072984695435,-0.5672575235366821,-0.708287239074707,0.24535887516360128,-0.069753016350246,0.22823024822979607
1759676517.6290705,1,-1.505698179148353,-0.5707037099203973,-0.7124717642108536,0.24535887516360128,True,0.1,-1.5095072984695435,-0.5672575235366821,-0.708287239074707,0.24535887516360128,-0.09729438460473183,0.21282058427280395
1759676517.7499108,1,-1.4768487521125646,-0.5948564559308528,-0.6988176883569359,0.223164111549859,True,0.1,-1.4694753885269165,-0.6007898449897766,-0.6863451600074768,0.223164111549859,-0.09729438460473183,0.21282058427280395
1759676517.8667405,1,-1.465754225778289,-0.6039935489666083,-0.6898618239726844,0.223164111549859,True,0.1,-1.4694753885269165,-0.6007898449897766,-0.6863451600074768,0.223164111549859,-0.13460160967118284,0.22172369651503926
1759676517.9873002,1,-1.4364531788634893,-0.627248300272955,-0.6724977929291907,0.20985897939335618,True,0.1,-1.42837655544281,-0.6334002017974854,-0.6543136239051819,0.20985897939335618,-0.20631597743105168,0.27736818205860364
1759676518.1084073,1,-1.4251783493705543,-0.6360279962710155,-0.6596049028661746,0.20985897939335618,True,0.1,-1.42837655544281,-0.6334002017974854,-0.6543136239051819,0.20985897939335618,-0.15346850082080365,0.22661874359929463
1759676518.2306118,1,-1.3889341841790335,-0.6622122680518576,-0.6314715067653847,0.25856835818328716,True,0.1,-1.3792104721069336,-0.6686642169952393,-0.5984178781509399,0.25856835818328716,-0.2196996207212294,0.2834196297436098
1759676518.3532662,1,-1.3749339106081915,-0.6720044789527198,-0.6097961672012815,0.25856835818328716,True,0.1,-1.3792104721069336,-0.6686642169952393,-0.5984178781509399,0.25856835818328716,-0.1195815840858998,0.2033425516514625
1759676518.4778962,1,-1.3376365415688238,-0.6957135369988059,-0.5762907965674238,0.24669883085509267,True,0.1,-1.3271266222000122,-0.7016951441764832,-0.5436235666275024,0.24669883085509267,-0.17809651945703564,0.26094905743230634
1759676518.6125002,1,-1.3232223142844088,-0.7045181389441857,-0.552351948262551,0.24669883085509267,True,0.1,-1.3271266222000122,-0.7016951441764832,-0.5436235666275024,0.24669883085509267,-0.1252549834263359,0.25144884155777125
1759676518.7386127,1,-1.281573666320593,-0.7280293113106171,-0.51861310739943,0.25070409997147297,True,0.1,-1.2690585851669312,-0.7344868779182434,-0.49314579367637634,0.25070409997147297,-0.1252549834263359,0.25144884155777125
1759676518.8609612,1,-1.265508067209125,-0.7367424777312613,-0.4955493467596668,0.25070409997147297,True,0.1,-1.2690585851669312,-0.7344868779182434,-0.49314579367637634,0.25070409997147297,-0.0863851790721899,0.23918827784045735
1759676518.9866369,1,-1.225833408955731,-0.7570473797365681,-0.46997199899846365,0.2579578973224215,True,0.1,-1.2153621912002563,-0.7620601654052734,-0.46142104268074036,0.2579578973224215,-0.0863851790721899,0.23918827784045735
1759676519.1033328,1,-1.2105661914439307,-0.7645863292314212,-0.4538238803274375,0.2579578973224215,True,0.1,-1.2153621912002563,-0.7620601654052734,-0.46142104268074036,0.2579578973224215,-0.09062147360021555,0.23562612662548935
1759676519.234631,1,-1.1720159311023193,-0.7829662715492398,-0.4349393649954649,0.2389936997375066,True,0.1,-1.1614867448806763,-0.7878925204277039,-0.433920681476593,0.2389936997375066,-0.14799018325938285,0.29365269348680423
1759676519.355613,1,-1.1572215239797627,-0.7898397052737287,-0.4226145476633114,0.2389936997375066,True,0.1,-1.1614867448806763,-0.7878925204277039,-0.433920681476593,0.2389936997375066,-0.10179060502701986,0.23561714338106726
1759676519.4775214,1,-1.1143194649634887,-0.8085204959924825,-0.401320626134666,0.25785669653427645,True,0.1,-1.1023627519607544,-0.8135826587677002,-0.3925159275531769,0.25785669653427645,-0.16080726403149725,0.2979931767495423
1759676519.604542,1,-1.0978543250081119,-0.8154758455903276,-0.3862411629944056,0.25785669653427645,True,0.1,-1.1023627519607544,-0.8135826587677002,-0.3925159275531769,0.25785669653427645,-0.0870987072713767,0.22215351191854085
1759676519.7285202,1,-1.0542176471764066,-0.8323143402110825,-0.362700022858391,0.25839764967399576,True,0.1,-1.0420633554458618,-0.8367573618888855,-0.35068491101264954,0.25839764967399576,-0.13229286506050286,0.274030368525387
1759676519.8495004,1,-1.0374689884089299,-0.8385382099618662,-0.3467015686893511,0.25839764967399576,True,0.1,-1.0420633554458618,-0.8367573618888855,-0.35068491101264954,0.25839764967399576,-0.10716652239908342,0.272942164778558
1759676519.9730148,1,-0.9909725058312455,-0.8543839554085328,-0.3223697983644609,0.2707048435546887,True,0.1,-0.9779902696609497,-0.858545184135437,-0.31039920449256897,0.2707048435546887,-0.10716652239908342,0.272942164778558
1759676520.0941143,1,-0.9731344038562643,-0.8602098826464223,-0.30596179638393295,0.2707048435546887,True,0.1,-0.9779902696609497,-0.858545184135437,-0.31039920449256897,0.2707048435546887,-0.06748813070803195,0.25507160649860994
1759676520.2231133,1,-0.9274566084199981,-0.8739857302519312,-0.28593053385269407,0.26403428886683383,True,0.1,-0.9147989153862,-0.8776235580444336,-0.2817642390727997,0.26403428886683383,-0.06748813070803195,0.25507160649860994
1759676520.3367374,1,-0.9099533836986002,-0.8790629893969115,-0.2731010401834375,0.26403428886683383,True,0.1,-0.9147989153862,-0.8776235580444336,-0.2817642390727997,0.26403428886683383,-0.04349555634890123,0.24592573273858626
1759676520.4708421,1,-0.8657264640123298,-0.8913163470291391,-0.2599370853285379,0.26721511535103654,True,0.1,-0.8543042540550232,-0.8944662809371948,-0.26407140493392944,0.26721511535103654,-0.07130785204194545,0.30762710078116173
1759676520.5911503,1,-0.8488002415818555,-0.8958748711522316,-0.25173769507184574,0.26721511535103654,True,0.1,-0.8543042540550232,-0.8944662809371948,-0.26407140493392944,0.26721511535103654,-0.03988238282024348,0.23800793550570465
1759676520.7156763,1,-0.8020788990833674,-0.9079011382667362,-0.2409416011661314,0.26857421600905385,True,0.1,-0.7892866134643555,-0.9112282395362854,-0.24453122913837433,0.26857421600905385,-0.07449908133528815,0.3066931196261289
1759676520.839242,1,-0.7842069938703298,-0.9123908610164679,-0.23435323180254564,0.26857421600905385,True,0.1,-0.7892866134643555,-0.9112282395362854,-0.24453122913837433,0.26857421600905385,-0.07517199713012168,0.2954999043752857
1759676520.9735022,1,-0.7300943630627984,-0.9250499427662688,-0.22024366433033649,0.2910954294533356,True,0.1,-0.7141588926315308,-0.9287339448928833,-0.21566206216812134,0.2910954294533356,-0.07517199713012168,0.2954999043752857
1759676521.0989428,1,-0.7093916403961658,-0.9297390020784548,-0.21081562102618534,0.2910954294533356,True,0.1,-0.7141588926315308,-0.9287339448928833,-0.21566206216812134,0.2910954294533356,-0.05853271305227281,0.26797423266523435
1759676521.2217855,1,-0.6587670576686413,-0.9401611668173262,-0.19676782227826983,0.28384029373450376,True,0.1,-0.644641637802124,-0.9429706335067749,-0.19141539931297302,0.28384029373450376,-0.08572511474745248,0.32723481926065595
1759676521.336958,1,-0.6394016385793674,-0.9440025573606977,-0.18702018651773678,0.28384029373450376,True,0.1,-0.644641637802124,-0.9429706335067749,-0.19141539931297302,0.28384029373450376,-0.04229483464135164,0.2519032385072802
1759676521.475586,1,-0.587206714025776,-0.9533498300146708,-0.17304640553030382,0.2922901884048427,True,0.1,-0.572705090045929,-0.9558053612709045,-0.1674204170703888,0.2922901884048427,-0.07052191907320804,0.32303767259568816
1759676521.5894907,1,-0.5672441965842339,-0.9567768094766532,-0.1632749768818158,0.2922901884048427,True,0.1,-0.572705090045929,-0.9558053612709045,-0.1674204170703888,0.2922901884048427,-0.02621675802847534,0.24010022322918226
1759676521.7099106,1,-0.5193951458413226,-0.96431593035313,-0.15184650449416637,0.28275376159026416,True,0.1,-0.5070699453353882,-0.9661614894866943,-0.15048250555992126,0.28275376159026416,-0.04537469755702972,0.3044784716194481
1759676521.8239996,1,-0.501100209270696,-0.9670799029365448,-0.14442075348805972,0.28275376159026416,True,0.1,-0.5070699453353882,-0.9661614894866943,-0.15048250555992126,0.28275376159026416,-0.02640084180502633,0.2972574464157472
1759676521.948836,1,-0.4494307891271466,-0.9744767977728861,-0.13583005561050143,0.30592910544739965,True,0.1,-0.4362109303474426,-0.9763476252555847,-0.1378573477268219,0.30592910544739965,-0.02640084180502633,0.2972574464157472
1759676522.0778613,1,-0.42968160118363513,-0.9772077592127246,-0.13056629839405254,0.30592910544739965,True,0.1,-0.4362109303474426,-0.9763476252555847,-0.1378573477268219,0.30592910544739965,-0.015315085973769627,0.28048447996840475
1759676522.2039866,1,-0.3776315400729219,-0.9841551453808624,-0.12518069174689828,0.2936192013797533,True,0.1,-0.3634566068649292,-0.9860981702804565,-0.13022726774215698,0.2936192013797533,-0.015315085973769627,0.28048447996840475
1759676522.315764,1,-0.3577428255437136,-0.9867512990857618,-0.1222747158504518,0.2936192013797533,True,0.1,-0.3634566068649292,-0.9860981702804565,-0.13022726774215698,0.2936192013797533,-0.015321594505095959,0.26682492019647447
1759676522.4450893,1,-0.3101580951854283,-0.9928371019310498,-0.11926492872887273,0.2673850634148101,True,0.1,-0.2971523106098175,-0.99459308385849,-0.12478811293840408,0.2673850634148101,-0.03175565548385251,0.3317665856607617
1759676522.5678837,1,-0.29197893407953307,-0.9951334270038715,-0.1176486336049738,0.2673850634148101,True,0.1,-0.2971523106098175,-0.99459308385849,-0.12478811293840408,0.2673850634148101,-0.02299585964926365,0.26701605782049553
1759676522.6918623,1,-0.23849282528192106,-1.001543640245834,-0.11347665958800413,0.29622072705739555,True,0.1,-0.22361938655376434,-1.0033725500106812,-0.11422275006771088,0.29622072705739555,-0.040835702509141925,0.3307177831566966
1759676522.81066,1,-0.21805769019193413,-1.0039464819181207,-0.11077843435124102,0.29622072705739555,True,0.1,-0.22361938655376434,-1.0033725500106812,-0.11422275006771088,0.29622072705739555,-0.04190032626081397,0.3066561307444115
1759676522.932796,1,-0.1619152431643829,-1.0099595666471317,-0.10340862499259629,0.3277556144749818,True,0.1,-0.14735230803489685,-1.0114612579345703,-0.09835529327392578,0.3277556144749818,-0.04190032626081397,0.3066561307444115
1759676523.052845,1,-0.14046146486077504,-1.012169224813511,-0.09818458964616994,0.3277556144749818,True,0.1,-0.14735230803489685,-1.0114612579345703,-0.09835529327392578,0.3277556144749818,-0.028718533563782955,0.2728384464957782
1759676523.1807668,1,-0.08974790939088628,-1.0168090315499836,-0.09032704704953254,0.28648165367019557,True,0.1,-0.0760272890329361,-1.0179593563079834,-0.08570738136768341,0.28648165367019557,-0.028718533563782955,0.2728384464957782
1759676523.3001149,1,-0.07036947440485536,-1.0185003299578337,-0.0849612026119182,0.28648165367019557,True,0.1,-0.0760272890329361,-1.0179593563079834,-0.08570738136768341,0.28648165367019557,-0.012128258623368637,0.27672179413635895
1759676523.4249818,1,-0.021728150628137665,-1.0224516879780954,-0.07938682791024831,0.2714714183180818,True,0.1,-0.00838418211787939,-1.0234780311584473,-0.07932734489440918,0.2714714183180818,0.00039382096266393773,0.33244233552789604
1759676523.549813,1,-0.0031443839643129426,-1.0239069067530573,-0.07592008162146868,0.2714714183180818,True,0.1,-0.00838418211787939,-1.0234780311584473,-0.07932734489440918,0.2714714183180818,0.013896764445263443,0.26278609202539266
1759676523.6749115,1,0.05076231346599743,-1.0281886256055994,-0.07508161793268897,0.29747904404357656,True,0.1,0.06574700027704239,-1.0294302701950073,-0.08268922567367554,0.29747904404357656,0.04857607021478927,0.33694592679834
1759676523.7900503,1,0.0713534989454722,-1.0298154618720698,-0.07547382879980447,0.29747904404357656,True,0.1,0.06574700027704239,-1.0294302701950073,-0.08268922567367554,0.29747904404357656,0.04612267518297486,0.2466216616601951
1759676523.9228249,1,0.1242048421256684,-1.0346078980994733,-0.08264373702215266,0.3082385478910952,True,0.1,0.13787530362606049,-1.0361003875732422,-0.10063658654689789,0.3082385478910952,0.08322596962343454,0.3104536486022096
1759676524.046129,1,0.14438550997897998,-1.0365218654417165,-0.08876078034747437,0.3082385478910952,True,0.1,0.13787530362606049,-1.0361003875732422,-0.10063658654689789,0.3082385478910952,0.08538244232010328,0.29082989723137703
1759676524.1660836,1,0.1965318543014277,-1.042587636042763,-0.10518442254491234,0.2933394521773598,True,0.1,0.21070609986782074,-1.0446839332580566,-0.1315605491399765,0.2933394521773598,0.08538244232010328,0.29082989723137703
1759676524.2834883,1,0.21643265924118216,-1.045078686226601,-0.11784257966388267,0.2933394521773598,True,0.1,0.21070609986782074,-1.0446839332580566,-0.1315605491399765,0.2933394521773598,0.04834868626183919,0.2771228769194794
1759676524.4158623,1,0.2669008315913761,-1.0524863107216906,-0.13501022332202695,0.2830729519564088,True,0.1,0.28072261810302734,-1.0549713373184204,-0.15484796464443207,0.2830729519564088,0.04834868626183919,0.2771228769194794
1759676524.5351155,1,0.2861554523713468,-1.055490393535203,-0.1474338226991616,0.2830729519564088,True,0.1,0.28072261810302734,-1.0549713373184204,-0.15484796464443207,0.2830729519564088,0.010243603159675985,0.2694405028210783
1759676524.6643333,1,0.3350956427943821,-1.0635590296818447,-0.15873254100216272,0.27486153790680473,True,0.1,0.348541796207428,-1.066033124923706,-0.16430674493312836,0.27486153790680473,0.0032119757440156604,0.3302418468726906
1759676524.7898607,1,0.3537718806256859,-1.0667521984786288,-0.16610379357006622,0.27486153790680473,True,0.1,0.348541796207428,-1.066033124923706,-0.16430674493312836,0.27486153790680473,-0.016538130460906686,0.2588160553199568
1759676524.9117506,1,0.40605740822636355,-1.075517595347082,-0.1694215354445383,0.2920349987057982,True,0.1,0.42057082056999207,-1.077953577041626,-0.16179655492305756,0.2920349987057982,-0.03546493282748564,0.32087782031378637
1759676525.037568,1,0.4260233463103236,-1.078897388844949,-0.1708634550280248,0.2920349987057982,True,0.1,0.42057082056999207,-1.077953577041626,-0.16179655492305756,0.2920349987057982,-0.056882593598560405,0.2906999076999092
1759676525.1606393,1,0.4805907100551697,-1.087457095704509,-0.16415470592935577,0.3043791635884239,True,0.1,0.49577319622039795,-1.0895733833312988,-0.1442154496908188,0.3043791635884239,-0.056882593598560405,0.2906999076999092
1759676525.274673,1,0.5014464192177216,-1.090650141824744,-0.158373597315002,0.3043791635884239,True,0.1,0.49577319622039795,-1.0895733833312988,-0.1442154496908188,0.3043791635884239,-0.05994312487189113,0.2719814806690261
1759676525.3854265,1,0.5473789021475365,-1.096913743053714,-0.14680496377576802,0.28767029529097127,True,0.1,0.5582053065299988,-1.0980117321014404,-0.12581168115139008,0.28767029529097127,-0.05994312487189113,0.2719814806690261
1759676525.4994714,1,0.5649422004348341,-1.099183608796095,-0.13808740265571728,0.28767029529097127,True,0.1,0.5582053065299988,-1.0980117321014404,-0.12581168115139008,0.28767029529097127,-0.05760554766078485,0.26988640270271624
1759676525.5990357,1,0.6063171917005695,-1.103990578584436,-0.12552485985928286,0.2655383891599031,True,0.0995643138885498,0.6157002449035645,-1.1047407388687134,-0.10878432542085648,0.2655383891599031,-0.05760554766078485,0.26988640270271624
1759676525.7054172,1,0.6221809159628554,-1.1057096747943456,-0.11660560308659917,0.2655383891599031,True,0.1,0.6157002449035645,-1.1047407388687134,-0.10878432542085648,0.2655383891599031,-0.05657463984400124,0.2734298949188033
1759676525.820807,1,0.6659316856618539,-1.110035643361922,-0.10422322075022983,0.2766428675629083,True,0.1,0.6759862899780273,-1.1107498407363892,-0.09150262176990509,0.2766428675629083,-0.05657463984400124,0.2734298949188033
1759676525.9318774,1,0.6826568364217628,-1.1115612605649035,-0.09570063674147278,0.2766428675629083,True,0.1,0.6759862899780273,-1.1107498407363892,-0.09150262176990509,0.2766428675629083,-0.05808518832158427,0.26125163887342756
1759676526.0392675,1,0.7242373833335795,-1.114957740929263,-0.08402212228392258,0.26430791820655514,True,0.1,0.733672559261322,-1.115523338317871,-0.07491500675678253,0.26430791820655514,-0.05808518832158427,0.26125163887342756
1759676526.147617,1,0.7401299046100077,-1.1161402234428681,-0.0762949128232897,0.26430791820655514,True,0.1,0.733672559261322,-1.115523338317871,-0.07491500675678253,0.26430791820655514,-0.06580404518607352,0.2563527929688849
1759676526.2703404,1,0.7833435819815445,-1.1189196655602924,-0.0646887064858106,0.25878683437672145,True,0.1,0.7941008806228638,-1.1194554567337036,-0.05535229668021202,0.25878683437672145,-0.11677444814443305,0.3140043620605847
1759676526.403881,1,0.799857138777744,-1.1198732472179624,-0.05622400357303903,0.25878683437672145,True,0.1,0.7941008806228638,-1.1194554567337036,-0.05535229668021202,0.25878683437672145,-0.08387424709142088,0.25330077977846677
1759676526.5251725,1,0.8520838468665138,-1.1217056833206587,-0.037698266358916044,0.2896913739339363,True,0.1,0.8664827346801758,-1.121891736984253,-0.017752351239323616,0.2896913739339363,-0.13768909583196098,0.30432196828846053
1759676526.632607,1,0.8720411096178686,-1.1222143118489265,-0.023418098528537712,0.2896913739339363,True,0.1,0.8664827346801758,-1.121891736984253,-0.017752351239323616,0.2896913739339363,-0.0698149463120128,0.21967715348986927
1759676526.750452,1,0.9154512742673097,-1.1221469997988853,-0.0032804374818962145,0.2699429398433734,True,0.1,0.9256001114845276,-1.1217691898345947,0.014433799311518669,0.2699429398433734,-0.12826012564934963,0.26799744786146723
1759676526.8474936,1,0.9317295247973979,-1.1219179989001316,0.010373666658108682,0.2699429398433734,True,0.09704160690307617,0.9256001114845276,-1.1217691898345947,0.014433799311518669,0.2699429398433734,-0.14375814140897525,0.2691748897698977
1759676526.9451003,1,0.9380046886250282,-1.1216977690441,0.01865415045445573,0.2699429398433734,True,0.09760665893554688,0.9256001114845276,-1.1217691898345947,0.014433799311518669,0.2699429398433734,-0.14375814140897525,0.2691748897698977
1759676527.0662687,1,0.9928971535551974,-1.119135060858045,0.04566551269204577,0.25990862036456097,True,0.1,1.0107635259628296,-1.1179273128509521,0.07476294785737991,0.25990862036456097,-0.21111305226794563,0.3177865522721667
1759676527.1808302,1,1.013855131124066,-1.1179058919867233,0.06650326279072694,0.25990862036456097,True,0.1,1.0107635259628296,-1.1179273128509521,0.07476294785737991,0.25990862036456097,-0.10367620191975568,0.2350701114504409
1759676527.2930226,1,1.0612415192914657,-1.113021270264453,0.09773241236407681,0.2854862258818734,True,0.1,1.072928547859192,-1.1112605333328247,0.12660840153694153,0.2854862258818734,-0.1732533065485029,0.28210510642960757
1759676527.3882751,1,1.078798965811868,-1.1108898841572294,0.1203303883304283,0.2854862258818734,True,0.09525251388549805,1.072928547859192,-1.1112605333328247,0.12660840153694153,0.2854862258818734,-0.07668601606081005,0.2102740019641855
1759676527.4821455,1,1.0853295332174897,-1.1098611335821196,0.13237991219806666,0.2854862258818734,True,0.09387040138244629,1.072928547859192,-1.1112605333328247,0.12660840153694153,0.2854862258818734,-0.15489993045927974,0.2607566438758428
1759676527.5856225,1,1.1320946235412517,-1.1024147545709675,0.1598094290125509,0.24830105069982195,True,0.1,1.1457936763763428,-1.0999001264572144,0.17846398055553436,0.24830105069982195,-0.15489993045927974,0.2607566438758428
1759676527.7008178,1,1.149919826551891,-1.099322187596244,0.17856121411025327,0.24830105069982195,True,0.1,1.1457936763763428,-1.0999001264572144,0.17846398055553436,0.24830105069982195,-0.1378359580747741,0.24641264136896301
1759676527.8282058,1,1.194245756744439,-1.090228483429375,0.20649297158106616,0.2615783588475822,True,0.1,1.2057427167892456,-1.0875431299209595,0.22313542664051056,0.2615783588475822,-0.1378359580747741,0.24641264136896301
1759676527.9466326,1,1.2111239690493953,-1.086489405817687,0.2249967480514039,0.2615783588475822,True,0.1,1.2057427167892456,-1.0875431299209595,0.22313542664051056,0.2615783588475822,-0.13640629628488732,0.2274726359248155
1759676528.0630062,1,1.2501570429848692,-1.0767285847660886,0.249895434523296,0.23860210880067603,True,0.1,1.2599209547042847,-1.0740512609481812,0.2623227834701538,0.23860210880067603,-0.22457346957964575,0.27506075347090986
1759676528.1765745,1,1.2650151410515307,-1.0727924013864807,0.2671620884408181,0.23860210880067603,True,0.1,1.2599209547042847,-1.0740512609481812,0.2623227834701538,0.23860210880067603,-0.15651617269274531,0.2273699697868802
1759676528.2969863,1,1.306298825629708,-1.0602568041602094,0.297788103847096,0.25287370599344444,True,0.1,1.3167616128921509,-1.0567160844802856,0.32032620906829834,0.25287370599344444,-0.24292256642495147,0.270080183895747
1759676528.4131467,1,1.3219892193590295,-1.0552025834311107,0.32016105125077754,0.25287370599344444,True,0.1,1.3167616128921509,-1.0567160844802856,0.32032620906829834,0.25287370599344444,-0.13771343168107464,0.20646013078320952
1759676528.5403228,1,1.3604339549820457,-1.0409854255895092,0.3537755825166071,0.23013124339474178,True,0.1,1.3707183599472046,-1.0367487668991089,0.37771913409233093,0.23013124339474178,-0.2485580391699589,0.2582621057331983
1759676528.6534653,1,1.3750221637208488,-1.0352843148681192,0.37677078834777866,0.23013124339474178,True,0.1,1.3707183599472046,-1.0367487668991089,0.37771913409233093,0.23013124339474178,-0.2493335311552336,0.25788605522757485
1759676528.777532,1,1.4163946803265628,-1.016959681224206,0.4193427220985875,0.26284885647096645,True,0.1,1.4268980026245117,-1.011710524559021,0.45429977774620056,0.26284885647096645,-0.2493335311552336,0.25788605522757485
1759676528.8864686,1,1.432035679929314,-1.0095816152564192,0.449007698502105,0.26284885647096645,True,0.1,1.4268980026245117,-1.011710524559021,0.45429977774620056,0.26284885647096645,-0.21154211204286177,0.23571493616710174
1759676529.0077913,1,1.4680902041727817,-0.9902958556600733,0.49173038525114166,0.24158355171117443,True,0.1,1.4769610166549683,-0.9849379658699036,0.5195481181144714,0.24158355171117443,-0.21154211204286177,0.23571493616710174
1759676529.1220477,1,1.4816869241089436,-0.9825899923267162,0.5200479893232597,0.24158355171117443,True,0.1,1.4769610166549683,-0.9849379658699036,0.5195481181144714,0.24158355171117443,-0.2041743458938523,0.24392760136845523
1759676529.2554414,1,1.5178820476022905,-0.9601688020374766,0.5595852145878446,0.23781132747334577,True,0.1,1.5275448560714722,-0.9536983370780945,0.5820762515068054,0.23781132747334577,-0.28991346642479243,0.2930974116801246
1759676529.3659084,1,1.5315316044748952,-0.9513151279979928,0.5871546242602621,0.23781132747334577,True,0.1,1.5275448560714722,-0.9536983370780945,0.5820762515068054,0.23781132747334577,-0.17946021955620672,0.23440854306487105
1759676529.5015135,1,1.5701282167235757,-0.9234483730757229,0.6302066654354412,0.27606858776631626,True,0.1,1.5798450708389282,-0.9157792925834656,0.6585882306098938,0.27606858776631626,-0.27856987072391703,0.2947838413906039
1759676529.6236613,1,1.5846256670187886,-0.9124570454605294,0.6613866085183506,0.27606858776631626,True,0.1,1.5798450708389282,-0.9157792925834656,0.6585882306098938,0.27606858776631626,-0.13924399720215774,0.21622350911536137
1759676529.7546165,1,1.6194163187242976,-0.8830048595357679,0.7049679316946227,0.24270342488476782,True,0.1,1.6291390657424927,-0.8740901947021484,0.7292733192443848,0.24270342488476782,-0.23272887610311876,0.27528691867318356
1759676529.8803172,1,1.6324584782492906,-0.8714555412335854,0.7344530712813917,0.24270342488476782,True,0.1,1.6291390657424927,-0.8740901947021484,0.7292733192443848,0.24270342488476782,-0.1904549060905225,0.27750685789732255
1759676530.0084467,1,1.669499853966408,-0.8355362020817886,0.7791878845991418,0.2812994409300763,True,0.1,1.6795616149902344,-0.8250682353973389,0.8032916188240051,0.2812994409300763,-0.1904549060905225,0.27750685789732255
1759676530.1317842,1,1.6833304008909122,-0.8214831925897395,0.8094014470438315,0.2812994409300763,True,0.1,1.6795616149902344,-0.8250682353973389,0.8032916188240051,0.2812994409300763,-0.13933784744296673,0.2514443073961731
1759676530.2582295,1,1.7154640364414495,-0.7859303962400722,0.8470110325150246,0.26532835241739205,True,0.1,1.724077820777893,-0.7758924961090088,0.8591537475585938,0.26532835241739205,-0.20894782881137886,0.3042970159999908
1759676530.3773162,1,1.7274728570455955,-0.7721094784999468,0.8724335660497307,0.26532835241739205,True,0.1,1.724077820777893,-0.7758924961090088,0.8591537475585938,0.26532835241739205,-0.10835212587831045,0.2400429105029521
1759676530.501386,1,1.758057949789856,-0.7341522176704328,0.9056662079905209,0.2838056514164138,True,0.1,1.765753149986267,-0.724186360836029,0.9138811230659485,0.2838056514164138,-0.18971699026460342,0.30581195175701736
1759676530.6275885,1,1.7694778448381776,-0.719442685313927,0.9284612989588279,0.2838056514164138,True,0.1,1.765753149986267,-0.724186360836029,0.9138811230659485,0.2838056514164138,-0.0898408954798402,0.22961822397881862
1759676530.758702,1,1.7980054721287784,-0.6799210747183405,0.9587091958443468,0.2589771652655011,True,0.1,1.8061057329177856,-0.668354332447052,0.9642106294631958,0.2589771652655011,-0.16470518035230697,0.29167920801497965
1759676530.8823307,1,1.8086682561218617,-0.6646571507589174,0.9783073453637972,0.2589771652655011,True,0.1,1.8061057329177856,-0.668354332447052,0.9642106294631958,0.2589771652655011,-0.14697864872096034,0.28894637044794413
1759676531.0139484,1,1.8382251470212072,-0.6191154270003325,1.0104587628243733,0.2961620475972775,True,0.1,1.846341848373413,-0.6062008738517761,1.021715521812439,0.2961620475972775,-0.14697864872096034,0.28894637044794413
1759676531.136779,1,1.849222118811083,-0.6015314490971679,1.0318027149408824,0.2961620475972775,True,0.1,1.846341848373413,-0.6062008738517761,1.021715521812439,0.2961620475972775,-0.11281200148372328,0.2590343899316462
1759676531.2613177,1,1.873875685285279,-0.5588517706844713,1.060119587560032,0.2733618485214691,True,0.1,1.8805067539215088,-0.5470132231712341,1.0671260356903076,0.2733618485214691,-0.17368990255419448,0.3147954259231008
1759676531.3774083,1,1.883052206053744,-0.5424117089479256,1.0792839509863281,0.2733618485214691,True,0.1,1.8805067539215088,-0.5470132231712341,1.0671260356903076,0.2733618485214691,-0.09281432659747324,0.24914035959034703
1759676531.5064478,1,1.9060982501679116,-0.4976071520782568,1.1068368109106306,0.27831849757413474,True,0.1,1.9122897386550903,-0.4851168096065521,1.115521788597107,0.27831849757413474,-0.16388874600164627,0.3180447917789012
1759676531.6272397,1,1.9146575246592854,-0.4803684025812905,1.1259767179525264,0.27831849757413474,True,0.1,1.9122897386550903,-0.4851168096065521,1.115521788597107,0.27831849757413474,-0.07592580976495356,0.2414952292126081
1759676531.7557485,1,1.9355117614714206,-0.4347464042726114,1.1518649732986637,0.2773175330767285,True,0.1,1.9410854578018188,-0.422050416469574,1.1589099168777466,0.2773175330767285,-0.13484107836042547,0.30482035998659973
1759676531.880014,1,1.9432385507214618,-0.41721128698158544,1.1690153954236786,0.2773175330767285,True,0.1,1.9410854578018188,-0.422050416469574,1.1589099168777466,0.2773175330767285,-0.10676419106301616,0.29306174705490884
1759676532.0030894,1,1.96367645854324,-0.3670391628804463,1.1952446680703437,0.2981113690071473,True,0.1,1.9691647291183472,-0.3530145287513733,1.2037471532821655,0.2981113690071473,-0.10676419106301616,0.29306174705490884
1759676532.1296859,1,1.9712195763806388,-0.347768202103855,1.2126412354404055,0.2981113690071473,True,0.1,1.9691647291183472,-0.3530145287513733,1.2037471532821655,0.2981113690071473,-0.068455758226591,0.2684943520634183
1759676532.252814,1,1.9883449928177277,-0.300618708687436,1.233394849832706,0.27837672602364044,True,0.1,1.9929473400115967,-0.28761011362075806,1.234643578529358,0.27837672602364044,-0.1034206291898947,0.3251250235994945
1759676532.3831275,1,1.99469175097017,-0.2825392438452696,1.2470213173379916,0.27837672602364044,True,0.1,1.9929473400115967,-0.28761011362075806,1.234643578529358,0.27837672602364044,-0.04722806954201708,0.25590044637643244
1759676532.5086918,1,2.0117877722757416,-0.23050090390183522,1.2647532501368586,0.30143769616652116,True,0.1,2.0164740085601807,-0.2160172462463379,1.2648003101348877,0.30143769616652116,-0.08783983111996285,0.3287100076752135
1759676532.6366801,1,2.018137069586791,-0.21056557843661886,1.2766711538693265,0.30143769616652116,True,0.1,2.0164740085601807,-0.2160172462463379,1.2648003101348877,0.30143769616652116,-0.032168747040522305,0.23892191887957992
1759676532.7684813,1,2.0332790760824317,-0.15996306611717873,1.2911198877235872,0.2789543836359015,True,0.1,2.0376734733581543,-0.14519931375980377,1.288453459739685,0.2789543836359015,-0.06696829967507867,0.3056642111741389
1759676532.888198,1,2.0389211686794044,-0.14059312341396873,1.300103643565036,0.2789543836359015,True,0.1,2.0376734733581543,-0.14519931375980377,1.288453459739685,0.2789543836359015,-0.05732756696258434,0.29687710224872466
1759676533.0212066,1,2.0537818307957005,-0.08691279548730942,1.313483956622493,0.3043440600708046,True,0.1,2.057971239089966,-0.07187072187662125,1.3122131824493408,0.3043440600708046,-0.05732756696258434,0.29687710224872466
1759676533.1461732,1,2.0593140487362125,-0.06637005942176155,1.321828218984189,0.3043440600708046,True,0.1,2.057971239089966,-0.07187072187662125,1.3122131824493408,0.3043440600708046,-0.048416591187830704,0.27015746055402745
1759676533.2690008,1,2.0717113153118847,-0.017533013304516853,1.333081924725847,0.2796255920776768,True,0.1,2.075141191482544,-0.004105707164853811,1.3307551145553589,0.2796255920776768,-0.048416591187830704,0.27015746055402745
1759676533.3959439,1,2.076334353185144,0.0011487887967124247,1.3398530677211768,0.2796255920776768,True,0.1,2.075141191482544,-0.004105707164853811,1.3307551145553589,0.2796255920776768,-0.04585574283844096,0.2604173008882996
1759676533.5197642,1,2.0874728717114253,0.048417960161815786,1.3490776354110494,0.2692913118290395,True,0.1,2.0905749797821045,0.061424143612384796,1.347219467163086,0.2692913118290395,-0.0774478479211691,0.3253079431091792
1759676533.6339798,1,2.091640994174631,0.06649293838932334,1.3551159165198374,0.2692913118290395,True,0.1,2.0905749797821045,0.061424143612384796,1.347219467163086,0.2692913118290395,-0.04945070582840039,0.2550672444769659
1759676533.7650268,1,2.1026520375758873,0.11794805603457736,1.3664346232924025,0.3043118040670261,True,0.1,2.1054699420928955,0.13136903941631317,1.3706940412521362,0.3043118040670261,-0.08169806513540578,0.3286247678982431
1759676533.8822994,1,2.1067353216219296,0.13762804986577032,1.3743048667583322,0.3043118040670261,True,0.1,2.1054699420928955,0.13136903941631317,1.3706940412521362,0.3043118040670261,-0.06285408737243792,0.3028071890475433
1759676534.000691,1,2.116654455949502,0.1902111766863183,1.3889097429559865,0.3142881641429988,True,0.1,2.119033098220825,0.20365096628665924,1.3977991342544556,0.3142881641429988,-0.06285408737243792,0.3028071890475433
1759676534.1257226,1,2.120280563166799,0.2103269854582782,1.3990946314551431,0.3142881641429988,True,0.1,2.119033098220825,0.20365096628665924,1.3977991342544556,0.3142881641429988,-0.03127506283020409,0.2809140745253649
1759676534.249341,1,2.1286109049413664,0.2612184055302561,1.4112955412461847,0.28938206809768124,True,0.1,2.1307291984558105,0.2750447690486908,1.414780616760254,0.28938206809768124,-0.03127506283020409,0.2809140745253649
1759676534.371236,1,2.1316654772497814,0.2806783149710863,1.4191337091759957,0.28938206809768124,True,0.1,2.1307291984558105,0.2750447690486908,1.414780616760254,0.28938206809768124,-0.020085933487230534,0.28284709445273243
1759676534.4956338,1,2.1392396844402253,0.33090235112408617,1.4266446666891417,0.2818869416089342,True,0.1,2.141308307647705,0.34471791982650757,1.424069881439209,0.2818869416089342,-0.039682823041623294,0.3477821071627483
1759676534.6160922,1,2.142057529393212,0.3500973607415612,1.4312965062148724,0.2818869416089342,True,0.1,2.141308307647705,0.34471791982650757,1.424069881439209,0.2818869416089342,-0.023552591536201817,0.2728979862191693
1759676534.7373042,1,2.1496282955901687,0.4041149320018554,1.4378349329961768,0.3004709766073144,True,0.1,2.1517460346221924,0.41910696029663086,1.4363943338394165,0.3004709766073144,-0.043811258598433156,0.3379361580186421
1759676534.8569055,1,2.1524511026717708,0.42475719399792844,1.4421906589977356,0.3004709766073144,True,0.1,2.1517460346221924,0.41910696029663086,1.4363943338394165,0.3004709766073144,-0.021836864704878778,0.24932322416124159
1759676534.9755745,1,2.1589534768042324,0.475574054731518,1.448577360857895,0.29948206758508794,True,0.1,2.160618782043457,0.4886218011379242,1.4485549926757812,0.29948206758508794,-0.043012151083340555,0.32080028596316146
1759676535.0932124,1,2.1613680069929946,0.49499301604643187,1.4527651152800187,0.29948206758508794,True,0.1,2.160618782043457,0.4886218011379242,1.4485549926757812,0.29948206758508794,-0.035081853374741456,0.30809526699085177
1759676535.2130747,1,2.1675332288192415,0.5486188612127005,1.4603623291368724,0.3158829442812998,True,0.1,2.1690666675567627,0.5623720288276672,1.4629712104797363,0.3158829442812998,-0.035081853374741456,0.30809526699085177
1759676535.3304274,1,2.1698022147705562,0.5691118842303426,1.465514499919541,0.3158829442812998,True,0.1,2.1690666675567627,0.5623720288276672,1.4629712104797363,0.3158829442812998,-0.019045239970839845,0.28365636444208964
1759676535.4478648,1,2.1748946060507035,0.6188576071541715,1.4718474158767076,0.2964491999510289,True,0.1,2.176131010055542,0.6313804984092712,1.4723583459854126,0.2964491999510289,-0.019045239970839845,0.28365636444208964
1759676535.5693827,1,2.1767716676102324,0.6378657092862113,1.4758431579175921,0.2964491999510289,True,0.1,2.176131010055542,0.6313804984092712,1.4723583459854126,0.2964491999510289,-0.012296271452898466,0.28682760328460494
1759676535.6815405,1,2.1813063647321727,0.68552632631299,1.479866962899937,0.28390988382970617,True,0.1,2.1824541091918945,0.6975138187408447,1.4775537252426147,0.28390988382970617,-0.012296271452898466,0.28682760328460494
1759676535.8066344,1,2.1829967217810413,0.7037349341987387,1.4821412421877955,0.28390988382970617,True,0.1,2.1824541091918945,0.6975138187408447,1.4775537252426147,0.28390988382970617,-0.011848245129495893,0.27915276576690995
1759676535.929421,1,2.187628426169029,0.7547252654943024,1.4847189089435435,0.28572012727102136,True,0.1,2.188936471939087,0.7686491012573242,1.4820852279663086,0.28572012727102136,-0.023098316452436762,0.35064979429283794
1759676536.0372272,1,2.189371536272538,0.7742041081518669,1.4862628636238053,0.28572012727102136,True,0.1,2.188936471939087,0.7686491012573242,1.4820852279663086,0.28572012727102136,-0.015608849479182396,0.27154391442759107
1759676536.1631951,1,2.19386613988116,0.8270882277770818,1.489420072154049,0.30811199921446825,True,0.1,2.1950483322143555,0.8407970070838928,1.4893263578414917,0.30811199921446825,-0.027657590804867738,0.33993811538170743
1759676536.2797256,1,2.195548829911497,0.847290979770168,1.4916459866956426,0.30811199921446825,True,0.1,2.1950483322143555,0.8407970070838928,1.4893263578414917,0.30811199921446825,-0.014868898312061063,0.25296120235565545
1759676536.4112403,1,2.1995909491379626,0.8997383514812756,1.4956970282267488,0.293859978094526,True,0.1,2.2006654739379883,0.9140469431877136,1.497462272644043,0.293859978094526,-0.025871669625026072,0.31182767381167253
1759676536.532604,1,2.2010910545266817,0.9197748253944611,1.4984353362789626,0.293859978094526,True,0.1,2.2006654739379883,0.9140469431877136,1.497462272644043,0.293859978094526,-0.02444874247316875,0.30892279371761733
1759676536.658439,1,2.2049336255897765,0.9758188134079889,1.5036074061768785,0.32669551731638413,True,0.1,2.205864667892456,0.9903166890144348,1.5070586204528809,0.32669551731638413,-0.02444874247316875,0.30892279371761733
1759676536.7792318,1,2.2063399460748774,0.9972299606734476,1.5072018076562914,0.32669551731638413,True,0.1,2.205864667892456,0.9903166890144348,1.5070586204528809,0.32669551731638413,-0.01708536414638928,0.2787362164024757
1759676536.9011977,1,2.209343634682574,1.047757115160778,1.5121057973119258,0.284885875396071,True,0.1,2.210092306137085,1.0614125728607178,1.5144457817077637,0.284885875396071,-0.01708536414638928,0.2787362164024757
1759676537.0206573,1,2.2104400114923286,1.0670598600425898,1.5153426084150503,0.284885875396071,True,0.1,2.210092306137085,1.0614125728607178,1.5144457817077637,0.284885875396071,-0.011647880401190136,0.2788103686128353
1759676537.1459556,1,2.21307113781359,1.1164397897968266,1.5189722476534468,0.27475504495643205,True,0.1,2.2137646675109863,1.1300030946731567,1.5193642377853394,0.27475504495643205,-0.01594875760194192,0.35082715635045547
1759676537.2705476,1,2.2140403800727926,1.135303149120318,1.5213384082986172,0.27475504495643205,True,0.1,2.2137646675109863,1.1300030946731567,1.5193642377853394,0.27475504495643205,-0.006952005966573083,0.27863137343938993
1759676537.3919122,1,2.2168229383456213,1.1927218005220999,1.5242464152203334,0.33126826727703473,True,0.1,2.217538356781006,1.2077596187591553,1.5239875316619873,0.33126826727703473,-0.009373016810879875,0.343644811042084
1759676537.5066364,1,2.2178509399547575,1.2146554361331698,1.526099593454405,0.33126826727703473,True,0.1,2.217538356781006,1.2077596187591553,1.5239875316619873,0.33126826727703473,-0.0050679667569770714,0.3038822700715618
1759676537.6245341,1,2.220288271249154,1.2688102303396194,1.528031493822942,0.3198607594377712,True,0.1,2.2209160327911377,1.2825307846069336,1.5266855955123901,0.3198607594377712,-0.0050679667569770714,0.3038822700715618
1759676537.7418897,1,2.2211963950419134,1.289496516161403,1.5290924610808707,0.3198607594377712,True,0.1,2.2209160327911377,1.2825307846069336,1.5266855955123901,0.3198607594377712,-0.006240633879032842,0.28646015506807737
1759676537.8584747,1,2.2233380761611596,1.3392836977272626,1.53029368603654,0.29615351147516633,True,0.1,2.2239019870758057,1.3517663478851318,1.5286474227905273,0.29615351147516633,-0.006240633879032842,0.28646015506807737
1759676537.9736128,1,2.2241424548585864,1.3583012685467755,1.5308426547360474,0.29615351147516633,True,0.1,2.2239019870758057,1.3517663478851318,1.5286474227905273,0.29615351147516633,-0.011323208591878853,0.29047708877681583
1759676538.0985544,1,2.226156591898775,1.407652203415393,1.5322248950379276,0.2772813457916755,True,0.1,2.2267212867736816,1.4210293292999268,1.5317500829696655,0.2772813457916755,-0.011323208591878853,0.29047708877681583
1759676538.2229311,1,2.226911687754917,1.4265031389537397,1.53304465130004,0.2772813457916755,True,0.1,2.2267212867736816,1.4210293292999268,1.5317500829696655,0.2772813457916755,-0.012339168486670715,0.27932881014358124
1759676538.3441832,1,2.228829925983258,1.4782400977948877,1.5350008896054312,0.3006932680603682,True,0.1,2.2293217182159424,1.4916443824768066,1.5360792875289917,0.3006932680603682,-0.01871083400125073,0.3517029874906125
1759676538.4534783,1,2.2295417845096575,1.498002616802722,1.5364487328199896,0.3006932680603682,True,0.1,2.2293217182159424,1.4916443824768066,1.5360792875289917,0.3006932680603682,-0.011260941750323994,0.2662599600766765
1759676538.578718,1,2.231210365520119,1.5505985321444606,1.5392908609069513,0.3093502477939686,True,0.1,2.2315938472747803,1.56399667263031,1.5416284799575806,0.3093502477939686,-0.015982386371749868,0.33069760910619683
1759676538.6881275,1,2.2318165143906796,1.5706893994883115,1.541402734212185,0.3093502477939686,True,0.1,2.2315938472747803,1.56399667263031,1.5416284799575806,0.3093502477939686,-0.005709538901538025,0.2482215980488438
1759676538.818332,1,2.2331174396710933,1.6195591478250784,1.5440375895993412,0.27516460047064306,True,0.1,2.2334272861480713,1.632763385772705,1.5454556941986084,0.27516460047064306,-0.008478518280165659,0.306863278393266
1759676538.929655,1,2.2335879278753796,1.638226465070097,1.5458106021262124,0.27516460047064306,True,0.1,2.2334272861480713,1.632763385772705,1.5454556941986084,0.27516460047064306,-0.004803151363873326,0.3130998196134964
1759676539.0528278,1,2.234860321664849,1.6918081918859609,1.5476957751780818,0.3116490888001929,True,0.1,2.2351698875427246,1.7056684494018555,1.5478140115737915,0.3116490888001929,-0.004803151363873326,0.3130998196134964
1759676539.1710203,1,2.2353247359866106,1.7122751053625982,1.5488622754025387,0.3116490888001929,True,0.1,2.2351698875427246,1.7056684494018555,1.5478140115737915,0.3116490888001929,-0.004152288845533647,0.2900721002915092
1759676539.2937624,1,2.2364773700918548,1.7648923379032224,1.5500801723231392,0.30917893607972374,True,0.1,2.236773729324341,1.7783077955245972,1.5494344234466553,0.30917893607972374,-0.004152288845533647,0.2900721002915092
1759676539.412208,1,2.236904063086803,1.7849906199906531,1.5507968566308667,0.30917893607972374,True,0.1,2.236773729324341,1.7783077955245972,1.5494344234466553,0.30917893607972374,-0.0023095871851079863,0.2759387064056851
1759676539.536426,1,2.237922461908598,1.8343846957744454,1.5515246066401112,0.2778108724538697,True,0.1,2.2382102012634277,1.847745656967163,1.5505529642105103,0.2778108724538697,-0.0029366983843210903,0.3431904482683073
1759676539.6590986,1,2.238304309426165,1.853251693648851,1.5519238248846694,0.2778108724538697,True,0.1,2.2382102012634277,1.847745656967163,1.5505529642105103,0.2778108724538697,-0.0008310894457999041,0.27714627448804746
1759676539.7788374,1,2.2393891107917687,1.9082841697989066,1.5523134483165864,0.3197006696877601,True,0.1,2.23968768119812,1.9225410223007202,1.5512787103652954,0.3197006696877601,-0.0012302952975353776,0.3435478141456896
1759676539.886297,1,2.2397991653016414,1.9293047854206358,1.5524993773582176,0.3197006696877601,True,0.1,2.23968768119812,1.9225410223007202,1.5512787103652954,0.3197006696877601,0.000198807302915327,0.2474357970982104
1759676540.0130367,1,2.240749569387234,1.9783863466578,1.5525718700989826,0.29041172050120007,True,0.1,2.241008758544922,1.9907749891281128,1.5514658689498901,0.29041172050120007,-0.0003485523094006737,0.3024033598767897
1759676540.125548,1,2.2411114641125165,1.9971338553977411,1.5524964185759798,0.29041172050120007,True,0.1,2.241008758544922,1.9907749891281128,1.5514658689498901,0.29041172050120007,-0.0036807025489355993,0.3133187461495034
1759676540.2456284,1,2.242106266243254,2.0492419366141097,1.55269374888125,0.30658094301324573,True,0.1,2.242375612258911,2.062501907348633,1.5522541999816895,0.30658094301324573,-0.0036807025489355993,0.3133187461495034
1759676540.3896818,1,2.2424835178649674,2.0691455020422014,1.552747549554864,0.30658094301324573,True,0.1,2.242375612258911,2.062501907348633,1.5522541999816895,0.30658094301324573,-0.0072954264222993,0.2904989463558513
1759676540.517739,1,2.2434993634233003,2.1264819139687536,1.5535619454895162,0.30332597999454763,True,0.1,2.243792772293091,2.143174171447754,1.5544369220733643,0.30332597999454763,-0.01051225148032131,0.3530811130684432
1759676540.6351159,1,2.24387865237478,2.1483826269057555,1.5542123111971842,0.30332597999454763,True,0.1,2.243792772293091,2.143174171447754,1.5544369220733643,0.30332597999454763,-0.006976445949556265,0.2654058432348274
1759676540.760106,1,2.244704282200766,2.2048793173165326,1.5559024849968477,0.30991487394103984,True,0.1,2.2449018955230713,2.220644950866699,1.5579086542129517,0.30991487394103984,-0.008438662061323043,0.33836758601884176
1759676540.8794303,1,2.245001073210562,2.2264594211564064,1.5572078285706796,0.30991487394103984,True,0.1,2.2449018955230713,2.220644950866699,1.5579086542129517,0.30991487394103984,-0.0019057522546397365,0.2509686437902925
1759676541.0006704,1,2.2456040489105153,2.27853273864647,1.5587171040101984,0.30451748245693294,True,0.1,2.2457242012023926,2.2918972969055176,1.5598537921905518,0.30451748245693294,-0.0030399928627034,0.3177966330477091
1759676541.1249316,1,2.2458176401345225,2.2984231882659296,1.5597572621300646,0.30451748245693294,True,0.1,2.2457242012023926,2.2918972969055176,1.5598537921905518,0.30451748245693294,-0.0007430366644971542,0.30378708271892807
1759676541.252419,1,2.2463910498244446,2.35420372853861,1.5606254123489585,0.31040742822253925,True,0.1,2.246535301208496,2.369494915008545,1.5605536699295044,0.31040742822253925,-0.0007430366644971542,0.30378708271892807
1759676541.375612,1,2.2466016291251796,2.3755100884260476,1.5612708929816943,0.31040742822253925,True,0.1,2.246535301208496,2.369494915008545,1.5605536699295044,0.31040742822253925,0.009409951964130414,0.28426403594305394
1759676541.5065064,1,2.2471691950585773,2.4290045983344846,1.5609098728461248,0.28241423812346367,True,0.1,2.247344732284546,2.444612741470337,1.5580462217330933,0.28241423812346367,0.03931939647595328,0.35288588437522445
1759676541.6332207,1,2.247389921806056,2.4494376428860622,1.5602601472242936,0.28241423812346367,True,0.1,2.247344732284546,2.444612741470337,1.5580462217330933,0.28241423812346367,0.0377267751472985,0.2794910993852381
1759676541.7552836,1,2.248568257216369,2.5082751328674804,1.5540453646656172,0.320861252101869,True,0.1,2.249054193496704,2.5248098373413086,1.5415761470794678,0.320861252101869,0.08250463230068306,0.3438699573405302
1759676541.8786395,1,2.24908933708348,2.530747976028865,1.548472879532846,0.320861252101869,True,0.1,2.249054193496704,2.5248098373413086,1.5415761470794678,0.320861252101869,0.05595324263969559,0.24296534455207575
1759676542.000893,1,2.2513035525244707,2.582769084319133,1.5355213975345787,0.3048825903041696,True,0.1,2.2522010803222656,2.596082925796509,1.5153759717941284,0.3048825903041696,0.11617990747702578,0.3123725325759982
1759676542.123163,1,2.2522971647974837,2.602634741667999,1.5256004376203096,0.3048825903041696,True,0.1,2.2522010803222656,2.596082925796509,1.5153759717941284,0.3048825903041696,0.1176755916178891,0.2957223891971609
1759676542.2459388,1,2.2563990060896497,2.6555610357849684,1.5023259263050566,0.29647027803637116,True,0.1,2.2580413818359375,2.6699700355529785,1.4720289707183838,0.29647027803637116,0.1176755916178891,0.2957223891971609
1759676542.3708043,1,2.258216820671712,2.675762010470008,1.4850472721792993,0.29647027803637116,True,0.1,2.2580413818359375,2.6699700355529785,1.4720289707183838,0.29647027803637116,0.07611825016223861,0.2798503695173837
1759676542.492874,1,2.2643359939189613,2.7268841331509703,1.4609147669912854,0.2857171420342524,True,0.1,2.266551971435547,2.7408905029296875,1.437440037727356,0.2857171420342524,0.07611825016223861,0.2798503695173837
1759676542.6069682,1,2.2669224237236363,2.7463859493192206,1.443826171452038,0.2857171420342524,True,0.1,2.266551971435547,2.7408905029296875,1.437440037727356,0.2857171420342524,0.029967312393697654,0.272782070868114
1759676542.7292466,1,2.273938370208991,2.7939511478999584,1.4271243883399887,0.2815663988821535,True,0.1,2.2760396003723145,2.8060903549194336,1.420459508895874,0.2815663988821535,0.029646369988604704,0.32738483543600705
1759676542.8445978,1,2.276786486350033,2.8120962752297114,1.4161731448086359,0.2815663988821535,True,0.1,2.2760396003723145,2.8060903549194336,1.420459508895874,0.2815663988821535,-0.0037694749583003784,0.2581263534669789
1759676542.9775672,1,2.2849614882878293,2.8638361088075692,1.4084689065512084,0.2912234379210812,True,0.1,2.2872350215911865,2.878030300140381,1.4162304401397705,0.2912234379210812,-0.021845345946999828,0.32306214501948627
1759676543.0927396,1,2.2881636510484644,2.883586231041294,1.4044636305244174,0.2912234379210812,True,0.1,2.2872350215911865,2.878030300140381,1.4162304401397705,0.2912234379210812,-0.03273688630469351,0.24270969324342387
1759676543.2206824,1,2.2957411704453334,2.9329431204137224,1.4065002002787228,0.2912063218028036,True,0.1,2.2974612712860107,2.945695400238037,1.425971269607544,0.2912063218028036,-0.06051243484767177,0.29752571400219147
1759676543.3389456,1,2.2986095853032866,2.9518000792530397,1.409270776549075,0.2912063218028036,True,0.1,2.2974612712860107,2.945695400238037,1.425971269607544,0.2912063218028036,-0.08136656556204613,0.28005505370463135
1759676543.45604,1,2.3051018403095154,2.999908259819253,1.4216274417090506,0.27182235128062476,True,0.1,2.3064463138580322,3.013054370880127,1.4501378536224365,0.27182235128062476,-0.08136656556204613,0.28005505370463135
1759676543.568176,1,2.307456874517915,3.0183032458921213,1.4314430863103933,0.27182235128062476,True,0.1,2.3064463138580322,3.013054370880127,1.4501378536224365,0.27182235128062476,-0.08402032978678697,0.2726500026230047
1759676543.6899238,1,2.3126181595213557,3.0660619641018716,1.4487843421339974,0.296851328835303,True,0.1,2.3133065700531006,3.0774033069610596,1.4769153594970703,0.296851328835303,-0.08402032978678697,0.2726500026230047
1759676543.8102708,1,2.3143988304255205,3.084328774186965,1.4616019599672363,0.296851328835303,True,0.1,2.3133065700531006,3.0774033069610596,1.4769153594970703,0.296851328835303,-0.08478426273611284,0.24881981035977643
1759676543.9251614,1,2.3177600013079642,3.127437319245259,1.4801392573892098,0.24681688499743146,True,0.1,2.3182213306427,3.138911485671997,1.5035902261734009,0.24681688499743146,-0.13276109952218285,0.2926110935192547
1759676544.0444632,1,2.3188787643728284,3.1439194131895705,1.4938798137901799,0.24681688499743146,True,0.1,2.3182213306427,3.138911485671997,1.5035902261734009,0.24681688499743146,-0.08606563065471207,0.24618510699375837
1759676544.160134,1,2.3210577360463502,3.190752455031936,1.5155400952551545,0.2725654974793953,True,0.1,2.3211724758148193,3.2028963565826416,1.540142297744751,0.2725654974793953,-0.1553999426058752,0.3008734373733638
1759676544.2861724,1,2.3216778064913965,3.208654431588223,1.531938439777596,0.2725654974793953,True,0.1,2.3211724758148193,3.2028963565826416,1.540142297744751,0.2725654974793953,-0.08969555814867824,0.22753639854249566
1759676544.400688,1,2.321973066138296,3.254543743517986,1.5566242575071536,0.2705167721217087,True,0.1,2.321573257446289,3.2661960124969482,1.5808351039886475,0.2705167721217087,-0.15889898864450025,0.27518611895770473
1759676544.5252724,1,2.3218391444349225,3.2720775236859474,1.5742015457053213,0.2705167721217087,True,0.1,2.321573257446289,3.2661960124969482,1.5808351039886475,0.2705167721217087,-0.14352623179690482,0.24856272168054497
1759676544.6509295,1,2.320098957099904,3.318499564750445,1.6038094638039997,0.25990607310156044,True,0.1,2.319145679473877,3.331127166748047,1.6299633979797363,0.25990607310156044,-0.14352623179690482,0.24856272168054497
1759676544.775303,1,2.3191489862675776,3.336224909157998,1.624084346516467,0.25990607310156044,True,0.1,2.319145679473877,3.331127166748047,1.6299633979797363,0.25990607310156044,-0.13940940431189475,0.23536203769913472
1759676544.892095,1,2.315622669392898,3.37888445809543,1.6523511903120918,0.25048541696031384,True,0.1,2.3143293857574463,3.389793872833252,1.6715980768203735,0.25048541696031384,-0.13940940431189475,0.23536203769913472
1759676545.006965,1,2.3140124058701677,3.3951601893865635,1.6709346654033945,0.25048541696031384,True,0.1,2.3143293857574463,3.389793872833252,1.6715980768203735,0.25048541696031384,-0.15494818852612546,0.22389111284697172
1759676545.1287968,1,2.309216674190783,3.433661752454988,1.6972809072342345,0.21855109836547526,True,0.1,2.307664394378662,3.444023609161377,1.7131528854370117,0.21855109836547526,-0.2336948057628323,0.2583574952338329
1759676545.2448823,1,2.307178352615887,3.448343684302341,1.715605284811482,0.21855109836547526,True,0.1,2.307664394378662,3.444023609161377,1.7131528854370117,0.21855109836547526,-0.16082252166225608,0.21552747791475363
1759676545.3701458,1,2.2998471213021947,3.4899380402157183,1.7469284130059268,0.24570864219346616,True,0.1,2.297593832015991,3.5006306171417236,1.771993637084961,0.24570864219346616,-0.27863573006952436,0.2646896907733459
1759676545.4886682,1,2.2967742322602773,3.505780121281843,1.7700949982844083,0.24570864219346616,True,0.1,2.297593832015991,3.5006306171417236,1.771993637084961,0.24570864219346616,-0.1731150835141655,0.1998071956258048
