time,velocity,throttle,segment_index,segment_duration
1770917857.7076757,0.0209886107603566,0.05,0,4.971704006195068
1770917857.7502277,0.0093764232940407,0.05,0,4.971704006195068
1770917857.7911327,0.0058927670541459,0.05,0,4.971704006195068
1770917857.8278158,-0.004814294493346,0.05,0,4.971704006195068
1770917857.8809326,0.0130121995278499,0.05,0,4.971704006195068
1770917857.941817,0.0011929267520795,0.05,0,4.971704006195068
1770917857.9985204,0.0080575880448393,0.05,0,4.971704006195068
1770917858.0591135,0.0085981341764467,0.05,0,4.971704006195068
1770917858.1171725,0.0016835394191316,0.05,0,4.971704006195068
1770917858.1554806,-0.008708923130246,0.05,0,4.971704006195068
1770917858.1895075,0.0029345641929179,0.05,0,4.971704006195068
1770917858.246801,0.0064276103898671,0.05,0,4.971704006195068
1770917858.315562,0.0095345612317792,0.05,0,4.971704006195068
1770917858.350199,0.000486040606515,0.05,0,4.971704006195068
1770917858.3923872,-0.0022285155810641,0.05,0,4.971704006195068
1770917858.4405062,-0.0217909269571353,0.05,0,4.971704006195068
1770917858.4757383,-0.0082376000165621,0.05,0,4.971704006195068
1770917858.539988,-0.0115697661710033,0.05,0,4.971704006195068
1770917858.576444,-0.0125694160173357,0.05,0,4.971704006195068
1770917858.660516,-0.0042831697997785,0.05,0,4.971704006195068
1770917858.6962333,0.0194636347589978,0.05,0,4.971704006195068
1770917858.731526,0.0166717758771847,0.05,0,4.971704006195068
1770917858.7766922,0.0158342182126407,0.05,0,4.971704006195068
1770917858.8121822,0.014335243399143,0.05,0,4.971704006195068
1770917858.8524008,0.0138855509550937,0.05,0,4.971704006195068
1770917858.8884263,-0.0055882510496158,0.05,0,4.971704006195068
1770917858.9262347,0.0188235047108162,0.05,0,4.971704006195068
1770917858.9908483,0.0261470314389459,0.05,0,4.971704006195068
1770917859.063109,0.0116344658193343,0.05,0,4.971704006195068
1770917859.4093566,0.0032527172154143,0.05,0,4.971704006195068
1770917859.452218,0.0042759755165283,0.05,0,4.971704006195068
1770917859.4953356,0.0045800115778147,0.05,0,4.971704006195068
1770917859.537985,-0.008955631734295,0.05,0,4.971704006195068
1770917859.591873,0.0051602229719882,0.05,0,4.971704006195068
1770917859.6317148,0.0093949793838731,0.05,0,4.971704006195068
1770917859.6684673,-0.0032520431191847,0.05,0,4.971704006195068
1770917859.7414503,-0.0057544657353882,0.05,0,4.971704006195068
1770917859.779552,-0.0065051925202492,0.05,0,4.971704006195068
1770917859.8218284,-0.0065768759948947,0.05,0,4.971704006195068
1770917859.8575656,0.002530273228516,0.05,0,4.971704006195068
1770917859.9267912,0.0118876990988686,0.05,0,4.971704006195068
1770917859.961785,0.0146949268599744,0.05,0,4.971704006195068
1770917859.998593,-0.002897686437771,0.05,0,4.971704006195068
1770917860.0335484,-0.0081754704270946,0.05,0,4.971704006195068
1770917860.0907643,-0.0010467965466741,0.05,0,4.971704006195068
1770917860.1244044,-0.0056397333844578,0.05,0,4.971704006195068
1770917860.1913176,-0.0075634500885364,0.05,0,4.971704006195068
1770917860.2254214,-0.00814056509976,0.05,0,4.971704006195068
1770917860.288621,-0.016919452310535,0.05,0,4.971704006195068
1770917860.3476992,0.0030934221353158,0.05,0,4.971704006195068
1770917860.410371,0.0125886056489524,0.05,0,4.971704006195068
1770917860.4442072,0.0064628366431313,0.05,0,4.971704006195068
1770917860.4802802,0.004625105941385,0.05,0,4.971704006195068
1770917860.52063,0.0040737867308611,0.05,0,4.971704006195068
1770917860.6072855,-0.0022197826608495,0.05,0,4.971704006195068
1770917860.6499176,0.0015705406513846,0.05,0,4.971704006195068
1770917860.6893327,0.0178421034148039,0.05,0,4.971704006195068
1770917860.7542796,0.0385452591490072,0.05,0,4.971704006195068
1770917860.8216074,0.0542257017966458,0.05,0,4.971704006195068
1770917860.8604283,0.0589298345909374,0.05,0,4.971704006195068
1770917860.8946743,0.0609081768601454,0.05,0,4.971704006195068
1770917860.933259,0.0615016795409078,0.05,0,4.971704006195068
1770917860.9690747,0.0867383115013583,0.05,0,4.971704006195068
1770917861.0063362,0.0943093010894934,0.05,0,4.971704006195068
1770917861.0785687,0.1060364305273985,0.05,0,4.971704006195068
1770917861.1366663,0.1111979418021582,0.05,0,4.971704006195068
1770917861.199904,0.1142809079866707,0.05,0,4.971704006195068
1770917861.234879,0.1152057978420244,0.05,0,4.971704006195068
1770917861.2966387,0.1384053688804901,0.05,0,4.971704006195068
1770917861.358138,0.1644874789618236,0.05,0,4.971704006195068
1770917861.3955684,0.1721629378009129,0.05,0,4.971704006195068
1770917861.4300516,0.1774545797894908,0.05,0,4.971704006195068
1770917861.4945564,0.193270639716957,0.05,0,4.971704006195068
1770917861.5533187,0.1942423859896108,0.05,0,4.971704006195068
1770917861.587325,0.1945339098714069,0.05,0,4.971704006195068
1770917861.6512556,0.1966293722363739,0.05,0,4.971704006195068
1770917861.7087128,0.2084746856970478,0.05,0,4.971704006195068
1770917861.775241,0.2167186095198922,0.05,0,4.971704006195068
1770917861.8256392,0.2191917866667455,0.05,0,4.971704006195068
1770917861.8868475,0.2352835653806995,0.05,0,4.971704006195068
1770917861.9497902,0.2280638452976927,0.05,0,4.971704006195068
1770917862.0074508,0.2441546171691264,0.05,0,4.971704006195068
1770917862.072477,0.2273262307270698,0.05,0,4.971704006195068
1770917862.134066,0.233264356146201,0.05,0,4.971704006195068
1770917862.2047052,0.2345363690791276,0.05,0,4.971704006195068
1770917862.2623165,0.2336796743462637,0.05,0,4.971704006195068
1770917862.2960582,0.2334226659264046,0.05,0,4.971704006195068
1770917862.335465,0.2374215292127294,0.05,0,4.971704006195068
1770917862.3860235,0.2492415546541803,0.05,0,4.971704006195068
1770917862.4396448,0.2609251477552866,0.05,0,4.971704006195068
1770917862.4738307,0.2644302256856184,0.05,0,4.971704006195068
1770917862.5071208,0.2642345643776535,0.05,0,4.971704006195068
1770917862.5645387,0.2756483454777043,0.05,0,4.971704006195068
1770917862.6215909,0.2741832661462293,0.05,0,4.971704006195068
1770917862.6793797,0.2587195519990175,0.05,0,4.971704006195068
1770917862.7423246,0.2640691844062288,0.06,1,4.983510971069336
1770917862.793017,0.251999228868153,0.06,1,4.983510971069336
1770917862.8511612,0.2627419912218841,0.06,1,4.983510971069336
1770917862.9014926,0.2744705241589452,0.06,1,4.983510971069336
1770917862.9575562,0.265252463048989,0.06,1,4.983510971069336
1770917863.0201294,0.2714764563946563,0.06,1,4.983510971069336
1770917863.073999,0.2709101843034265,0.06,1,4.983510971069336
1770917863.1343565,0.2640494480326617,0.06,1,4.983510971069336
1770917863.1754465,0.2781618908717214,0.06,1,4.983510971069336
1770917863.2384896,0.2800339308452643,0.06,1,4.983510971069336
1770917863.3008664,0.2859255266838276,0.06,1,4.983510971069336
1770917863.3552845,0.2741047070314648,0.06,1,4.983510971069336
1770917863.4105284,0.2811845033112772,0.06,1,4.983510971069336
1770917863.4450805,0.2833084421952209,0.06,1,4.983510971069336
1770917863.507471,0.2793166479933113,0.06,1,4.983510971069336
1770917863.5709293,0.283302971510696,0.06,1,4.983510971069336
1770917863.6297948,0.2828333394124477,0.06,1,4.983510971069336
1770917863.693714,0.2840488153237045,0.06,1,4.983510971069336
1770917863.7279067,0.2681890210084393,0.06,1,4.983510971069336
1770917863.7885568,0.2752578374075557,0.06,1,4.983510971069336
1770917863.845994,0.2736007561019467,0.06,1,4.983510971069336
1770917863.891819,0.2864780953164975,0.06,1,4.983510971069336
1770917863.9471931,0.2938605160413423,0.06,1,4.983510971069336
1770917864.0015092,0.2938502445237519,0.06,1,4.983510971069336
1770917864.0507808,0.2921054602278783,0.06,1,4.983510971069336
1770917864.0948508,0.2832478631021505,0.06,1,4.983510971069336
1770917864.1483583,0.2793356269747135,0.06,1,4.983510971069336
1770917864.198274,0.2808717671149053,0.06,1,4.983510971069336
1770917864.231694,0.2745622448008024,0.06,1,4.983510971069336
1770917864.2816043,0.2920860651297121,0.06,1,4.983510971069336
1770917864.3326497,0.2745237336760199,0.06,1,4.983510971069336
1770917864.3862543,0.2907650273372598,0.06,1,4.983510971069336
1770917864.444796,0.300547978007789,0.06,1,4.983510971069336
1770917864.5065608,0.2919573243263935,0.06,1,4.983510971069336
1770917864.5636644,0.2826401906709778,0.06,1,4.983510971069336
1770917864.6253142,0.2881796867045236,0.06,1,4.983510971069336
1770917864.6593418,0.2910551800478783,0.06,1,4.983510971069336
1770917864.724419,0.2927473401430955,0.06,1,4.983510971069336
1770917864.7742207,0.2812609994447341,0.06,1,4.983510971069336
1770917864.8080292,0.2775917629395478,0.06,1,4.983510971069336
1770917864.8596883,0.2774871684413953,0.06,1,4.983510971069336
1770917864.9112377,0.2919124578144069,0.06,1,4.983510971069336
1770917864.9733558,0.2861043536153574,0.06,1,4.983510971069336
1770917865.0289185,0.2708714301463887,0.06,1,4.983510971069336
1770917865.0820138,0.2835804517301861,0.06,1,4.983510971069336
1770917865.1171267,0.2760008596171894,0.06,1,4.983510971069336
1770917865.1705365,0.2715388046793047,0.06,1,4.983510971069336
1770917865.23157,0.278275503908326,0.06,1,4.983510971069336
1770917865.2800765,0.2699197045630707,0.06,1,4.983510971069336
1770917865.3175354,0.267412964759494,0.06,1,4.983510971069336
1770917865.3645928,0.2776563425570203,0.06,1,4.983510971069336
1770917865.4207854,0.2861971287506022,0.06,1,4.983510971069336
1770917865.4775417,0.2965454018620046,0.06,1,4.983510971069336
1770917865.5404232,0.289759680772172,0.06,1,4.983510971069336
1770917865.599159,0.2722514109877763,0.06,1,4.983510971069336
1770917865.650858,0.2798072662617216,0.06,1,4.983510971069336
1770917865.713383,0.2736418747168543,0.06,1,4.983510971069336
1770917865.747787,0.287080717352954,0.06,1,4.983510971069336
1770917865.81073,0.3076097153135956,0.06,1,4.983510971069336
1770917865.8691037,0.2858408126274159,0.06,1,4.983510971069336
1770917865.920653,0.2893732995766084,0.06,1,4.983510971069336
1770917865.9761012,0.3040790259609891,0.06,1,4.983510971069336
1770917866.0379827,0.296909800186129,0.06,1,4.983510971069336
1770917866.0900471,0.2894887107254613,0.06,1,4.983510971069336
1770917866.126507,0.2992087531761132,0.06,1,4.983510971069336
1770917866.1823237,0.2948536304425612,0.06,1,4.983510971069336
1770917866.246151,0.3061647936636772,0.06,1,4.983510971069336
1770917866.3051908,0.2903288283588444,0.06,1,4.983510971069336
1770917866.339789,0.2943208496362338,0.06,1,4.983510971069336
1770917866.3988256,0.2977866148374211,0.06,1,4.983510971069336
1770917866.452425,0.2861245949045531,0.06,1,4.983510971069336
1770917866.508255,0.2863737115548996,0.06,1,4.983510971069336
1770917866.565343,0.2933500898064661,0.06,1,4.983510971069336
1770917866.600265,0.2952854965189447,0.06,1,4.983510971069336
1770917866.650274,0.2839852265270194,0.06,1,4.983510971069336
1770917866.7113078,0.2846638442253153,0.06,1,4.983510971069336
1770917866.772741,0.2819222832901288,0.06,1,4.983510971069336
1770917866.8229766,0.2806526911319564,0.06,1,4.983510971069336
1770917866.874839,0.2866102784938439,0.06,1,4.983510971069336
1770917866.9275322,0.2849361069988058,0.06,1,4.983510971069336
1770917866.961229,0.2893728259444561,0.06,1,4.983510971069336
1770917867.0245702,0.2963330424866087,0.06,1,4.983510971069336
1770917867.083088,0.2911469652196719,0.06,1,4.983510971069336
1770917867.1403234,0.291751195320591,0.06,1,4.983510971069336
1770917867.1921663,0.2957048133081246,0.06,1,4.983510971069336
1770917867.258358,0.277016367657503,0.06,1,4.983510971069336
1770917867.318893,0.284590695222031,0.06,1,4.983510971069336
1770917867.3814468,0.2815060172131355,0.06,1,4.983510971069336
1770917867.4376705,0.2818506429553383,0.06,1,4.983510971069336
1770917867.4959073,0.2850467556691904,0.06,1,4.983510971069336
1770917867.5583813,0.2707043159155023,0.06,1,4.983510971069336
1770917867.6219826,0.2721070122197293,0.06,1,4.983510971069336
1770917867.6706743,0.2789083084122068,0.06,1,4.983510971069336
1770917867.7258356,0.281913565847496,0.06,1,4.983510971069336
1770917867.7850626,0.2788845848980499,0.07,2,4.9730544090271
1770917867.844362,0.2817000232869072,0.07,2,4.9730544090271
1770917867.9089088,0.279471943152386,0.07,2,4.9730544090271
1770917867.9637632,0.3047997517213546,0.07,2,4.9730544090271
1770917868.0215025,0.2895508182783015,0.07,2,4.9730544090271
1770917868.072504,0.3005664806522611,0.07,2,4.9730544090271
1770917868.1080906,0.3030855821641514,0.07,2,4.9730544090271
1770917868.1649036,0.2869444607113768,0.07,2,4.9730544090271
1770917868.2263348,0.3056027347957613,0.07,2,4.9730544090271
1770917868.279986,0.2871803198146155,0.07,2,4.9730544090271
1770917868.338639,0.2910348409926073,0.07,2,4.9730544090271
1770917868.381665,0.305627846677325,0.07,2,4.9730544090271
1770917868.4200883,0.2841002357124378,0.07,2,4.9730544090271
1770917868.4789665,0.2837139199813568,0.07,2,4.9730544090271
1770917868.5331607,0.2723331004466514,0.07,2,4.9730544090271
1770917868.5746818,0.2689188545862398,0.07,2,4.9730544090271
1770917868.6358569,0.2701147726115978,0.07,2,4.9730544090271
1770917868.6769412,0.2704735480192051,0.07,2,4.9730544090271
1770917868.7260437,0.27866248959574,0.07,2,4.9730544090271
1770917868.7925189,0.2842793303044989,0.07,2,4.9730544090271
1770917868.8609507,0.2870765227725759,0.07,2,4.9730544090271
1770917868.8971393,0.279519032598195,0.07,2,4.9730544090271
1770917868.9476666,0.2832012809413144,0.07,2,4.9730544090271
1770917869.0126338,0.2878384564232639,0.07,2,4.9730544090271
1770917869.0784078,0.285299789540104,0.07,2,4.9730544090271
1770917869.1160295,0.2982786191102733,0.07,2,4.9730544090271
1770917869.1522486,0.302172267981324,0.07,2,4.9730544090271
1770917869.2117996,0.2986574272306136,0.07,2,4.9730544090271
1770917869.2693255,0.2886285307372647,0.07,2,4.9730544090271
1770917869.3358908,0.2864072760901566,0.07,2,4.9730544090271
1770917869.3865948,0.2913234596674619,0.07,2,4.9730544090271
1770917869.4429564,0.2951286945136696,0.07,2,4.9730544090271
1770917869.5076575,0.2963418860750821,0.07,2,4.9730544090271
1770917869.5638428,0.299725604908742,0.07,2,4.9730544090271
1770917869.5960653,0.2993603492294597,0.07,2,4.9730544090271
1770917869.6553404,0.2953499316027254,0.07,2,4.9730544090271
1770917869.6888978,0.2936821785847868,0.07,2,4.9730544090271
1770917869.7251508,0.2931818526794051,0.07,2,4.9730544090271
1770917869.760475,0.2924403493179356,0.07,2,4.9730544090271
1770917869.7981017,0.2922178983094948,0.07,2,4.9730544090271
1770917869.8554091,0.2911098158341618,0.07,2,4.9730544090271
1770917869.9153252,0.2952155120137018,0.07,2,4.9730544090271
1770917869.9686491,0.3010978783677911,0.07,2,4.9730544090271
1770917870.0307324,0.2985648723424279,0.07,2,4.9730544090271
1770917870.0685613,0.2804138946703591,0.07,2,4.9730544090271
1770917870.1036713,0.2749686013687384,0.07,2,4.9730544090271
1770917870.1408892,0.2967229880990707,0.07,2,4.9730544090271
1770917870.173604,0.3032493041181704,0.07,2,4.9730544090271
1770917870.21143,0.2916565343854791,0.07,2,4.9730544090271
1770917870.2526946,0.2918220169800134,0.07,2,4.9730544090271
1770917870.3123407,0.2741512283803297,0.07,2,4.9730544090271
1770917870.3640697,0.2688499918004245,0.07,2,4.9730544090271
1770917870.4271698,0.2882708217056188,0.07,2,4.9730544090271
1770917870.4848046,0.2927925078505875,0.07,2,4.9730544090271
1770917870.533255,0.2941490136940781,0.07,2,4.9730544090271
1770917870.5865943,0.2874133826860339,0.07,2,4.9730544090271
1770917870.63426,0.2967135732280074,0.07,2,4.9730544090271
1770917870.6838715,0.2951268732032304,0.07,2,4.9730544090271
1770917870.747277,0.3021245032574813,0.07,2,4.9730544090271
1770917870.804083,0.2858618063772022,0.07,2,4.9730544090271
1770917870.8638067,0.3053924564018509,0.07,2,4.9730544090271
1770917870.9156358,0.3033742821071504,0.07,2,4.9730544090271
1770917870.9741008,0.3212454782657065,0.07,2,4.9730544090271
1770917871.0282834,0.321093759395796,0.07,2,4.9730544090271
1770917871.0801167,0.3183815510770162,0.07,2,4.9730544090271
1770917871.1401937,0.332177111879147,0.07,2,4.9730544090271
1770917871.1937177,0.3435173513279054,0.07,2,4.9730544090271
1770917871.24987,0.3492425821449803,0.07,2,4.9730544090271
1770917871.30571,0.3380260511072901,0.07,2,4.9730544090271
1770917871.351756,0.3269004579721023,0.07,2,4.9730544090271
1770917871.4107492,0.3387072252939243,0.07,2,4.9730544090271
1770917871.4700563,0.3231438031552589,0.07,2,4.9730544090271
1770917871.5320814,0.3154988762402411,0.07,2,4.9730544090271
1770917871.5824845,0.3426044517680242,0.07,2,4.9730544090271
1770917871.6262655,0.3403600609342633,0.07,2,4.9730544090271
1770917871.6880977,0.3438826525388839,0.07,2,4.9730544090271
1770917871.7439857,0.3416340707264076,0.07,2,4.9730544090271
1770917871.8039958,0.3467943692698624,0.07,2,4.9730544090271
1770917871.8526034,0.3347927319633867,0.07,2,4.9730544090271
1770917871.9100475,0.3477044927660496,0.07,2,4.9730544090271
1770917871.9654176,0.3367250041292248,0.07,2,4.9730544090271
1770917872.0273943,0.3463522047603349,0.07,2,4.9730544090271
1770917872.0895915,0.3456445847022107,0.07,2,4.9730544090271
1770917872.1505408,0.3411329125013642,0.07,2,4.9730544090271
1770917872.2038631,0.3242178627575282,0.07,2,4.9730544090271
1770917872.2656393,0.3461775551321094,0.07,2,4.9730544090271
1770917872.326851,0.361812255745996,0.07,2,4.9730544090271
1770917872.3890958,0.3638381203345711,0.07,2,4.9730544090271
1770917872.4443843,0.3385082593003471,0.07,2,4.9730544090271
1770917872.4973228,0.3360145034764411,0.07,2,4.9730544090271
1770917872.5535417,0.3532504452485061,0.07,2,4.9730544090271
1770917872.6069577,0.34852841943426,0.07,2,4.9730544090271
1770917872.660965,0.3553096643179092,0.07,2,4.9730544090271
1770917872.7193763,0.3679838953917201,0.07,2,4.9730544090271
1770917872.758117,0.3717861647138634,0.07,2,4.9730544090271
1770917872.8252156,0.3499111349293131,0.08,3,4.980395793914795
1770917872.8772316,0.3339217328575804,0.08,3,4.980395793914795
1770917872.9394662,0.3550075622975331,0.08,3,4.980395793914795
1770917872.9908772,0.3585257536709226,0.08,3,4.980395793914795
1770917873.047994,0.3595812110829394,0.08,3,4.980395793914795
1770917873.106002,0.3616570843933395,0.08,3,4.980395793914795
1770917873.1658258,0.3472920012652865,0.08,3,4.980395793914795
1770917873.2065418,0.3654841020889952,0.08,3,4.980395793914795
1770917873.267898,0.3606318384281801,0.08,3,4.980395793914795
1770917873.3208666,0.3591761593299356,0.08,3,4.980395793914795
1770917873.3818555,0.3710744515784138,0.08,3,4.980395793914795
1770917873.440187,0.3555607814032688,0.08,3,4.980395793914795
1770917873.4930851,0.35626671739027,0.08,3,4.980395793914795
1770917873.5484416,0.3499281403938735,0.08,3,4.980395793914795
1770917873.5976794,0.351670342238199,0.08,3,4.980395793914795
1770917873.6536508,0.3519209743547627,0.08,3,4.980395793914795
1770917873.7087984,0.3679241952778138,0.08,3,4.980395793914795
1770917873.773858,0.3558792764733134,0.08,3,4.980395793914795
1770917873.8382957,0.3717464528226446,0.08,3,4.980395793914795
1770917873.8953974,0.3584885966068684,0.08,3,4.980395793914795
1770917873.9489589,0.3552599792060142,0.08,3,4.980395793914795
1770917874.0068383,0.3534222116716643,0.08,3,4.980395793914795
1770917874.069008,0.3503110024805935,0.08,3,4.980395793914795
1770917874.1265705,0.357462166708038,0.08,3,4.980395793914795
1770917874.1847863,0.3656585977364309,0.08,3,4.980395793914795
1770917874.235098,0.3603432456438626,0.08,3,4.980395793914795
1770917874.2746935,0.3587486400160922,0.08,3,4.980395793914795
1770917874.3339353,0.3513737901001041,0.08,3,4.980395793914795
1770917874.3897371,0.3491613351253076,0.08,3,4.980395793914795
1770917874.448963,0.3664305272346428,0.08,3,4.980395793914795
1770917874.488236,0.3608204456193138,0.08,3,4.980395793914795
1770917874.545106,0.3487264853005138,0.08,3,4.980395793914795
1770917874.5985582,0.3550684691314704,0.08,3,4.980395793914795
1770917874.660649,0.3672242487984707,0.08,3,4.980395793914795
1770917874.7045827,0.3708709826985709,0.08,3,4.980395793914795
1770917874.755327,0.359961525309428,0.08,3,4.980395793914795
1770917874.810759,0.3479766498603151,0.08,3,4.980395793914795
1770917874.8759584,0.3645027957575972,0.08,3,4.980395793914795
1770917874.928686,0.3561735622756597,0.08,3,4.980395793914795
1770917874.9690995,0.3543655938672113,0.08,3,4.980395793914795
1770917875.0231168,0.3708071118140459,0.08,3,4.980395793914795
1770917875.0782382,0.3550912843758974,0.08,3,4.980395793914795
1770917875.141234,0.3569860710154711,0.08,3,4.980395793914795
1770917875.2012963,0.3523310285411299,0.08,3,4.980395793914795
1770917875.249897,0.3629414952023648,0.08,3,4.980395793914795
1770917875.3112118,0.3496045712153203,0.08,3,4.980395793914795
1770917875.358722,0.3517764933444799,0.08,3,4.980395793914795
1770917875.418797,0.3500988692687964,0.08,3,4.980395793914795
1770917875.4645903,0.3495639582842719,0.08,3,4.980395793914795
1770917875.5265574,0.366242384406183,0.08,3,4.980395793914795
1770917875.586605,0.3588762177401535,0.08,3,4.980395793914795
1770917875.6405494,0.3633313065539664,0.08,3,4.980395793914795
1770917875.7027931,0.354435347430476,0.08,3,4.980395793914795
1770917875.7613726,0.3559011966033631,0.08,3,4.980395793914795
1770917875.8153014,0.3373576778994048,0.08,3,4.980395793914795
1770917875.850155,0.3507936191275953,0.08,3,4.980395793914795
1770917875.9085824,0.3366380945060279,0.08,3,4.980395793914795
1770917875.9592574,0.3527922070582384,0.08,3,4.980395793914795
1770917875.994844,0.3576384408239015,0.08,3,4.980395793914795
1770917876.038789,0.3389481130282097,0.08,3,4.980395793914795
1770917876.0941744,0.3672941019113263,0.08,3,4.980395793914795
1770917876.1358068,0.3534013434777179,0.08,3,4.980395793914795
1770917876.190317,0.3497087917917688,0.08,3,4.980395793914795
1770917876.2499106,0.360399065798485,0.08,3,4.980395793914795
1770917876.3117206,0.3548182862999716,0.08,3,4.980395793914795
1770917876.3705204,0.3411850046980824,0.08,3,4.980395793914795
1770917876.42987,0.3506900867203424,0.08,3,4.980395793914795
1770917876.4911523,0.3515792909116038,0.08,3,4.980395793914795
1770917876.5480847,0.3284021277428082,0.08,3,4.980395793914795
1770917876.597716,0.3541595092116676,0.08,3,4.980395793914795
1770917876.6502218,0.3761593483338577,0.08,3,4.980395793914795
1770917876.704162,0.3596842758611743,0.08,3,4.980395793914795
1770917876.757985,0.3649053731673791,0.08,3,4.980395793914795
1770917876.8188062,0.3603902464957951,0.08,3,4.980395793914795
1770917876.8689744,0.3666648332184427,0.08,3,4.980395793914795
1770917876.9216576,0.3710053610752667,0.08,3,4.980395793914795
1770917876.9731095,0.3445407341956725,0.08,3,4.980395793914795
1770917877.022211,0.3638774345796729,0.08,3,4.980395793914795
1770917877.078877,0.3666801342050005,0.08,3,4.980395793914795
1770917877.1275492,0.3469009700940229,0.08,3,4.980395793914795
1770917877.1816883,0.3499469509693213,0.08,3,4.980395793914795
1770917877.2325544,0.3507592520239,0.08,3,4.980395793914795
1770917877.2994373,0.3514764301207406,0.08,3,4.980395793914795
1770917877.3557284,0.3578455262570386,0.08,3,4.980395793914795
1770917877.4150157,0.3585440008905619,0.08,3,4.980395793914795
1770917877.4710164,0.3644218500423987,0.08,3,4.980395793914795
1770917877.5321765,0.3650574685032621,0.08,3,4.980395793914795
1770917877.5779946,0.3516321007044123,0.08,3,4.980395793914795
1770917877.642732,0.3579873925178276,0.08,3,4.980395793914795
1770917877.701712,0.359998760660125,0.08,3,4.980395793914795
1770917877.7497506,0.3680285373326313,0.08,3,4.980395793914795
1770917877.8056114,0.3590749140402079,0.08,3,4.980395793914795
1770917877.8699198,0.3481551491221909,0.09,4,4.979145526885986
1770917877.932255,0.3589376614161284,0.09,4,4.979145526885986
1770917877.9850235,0.3598546980166,0.09,4,4.979145526885986
1770917878.0418208,0.3622715555033212,0.09,4,4.979145526885986
1770917878.0992796,0.3661429821761798,0.09,4,4.979145526885986
1770917878.1610155,0.3625500586344039,0.09,4,4.979145526885986
1770917878.2170317,0.3631385777841166,0.09,4,4.979145526885986
1770917878.264246,0.3431476540750311,0.09,4,4.979145526885986
1770917878.3197558,0.3495932752147653,0.09,4,4.979145526885986
1770917878.362672,0.3591542658760948,0.09,4,4.979145526885986
1770917878.420159,0.3620225630744937,0.09,4,4.979145526885986
1770917878.4784532,0.3544861603536191,0.09,4,4.979145526885986
1770917878.540255,0.3521336072409519,0.09,4,4.979145526885986
1770917878.5869932,0.3506840167582774,0.09,4,4.979145526885986
1770917878.6371744,0.3468956581503963,0.09,4,4.979145526885986
1770917878.6963844,0.3501402948811055,0.09,4,4.979145526885986
1770917878.7527022,0.3417779668375981,0.09,4,4.979145526885986
1770917878.8010004,0.3505491926042448,0.09,4,4.979145526885986
1770917878.858106,0.3666880194300855,0.09,4,4.979145526885986
1770917878.9128675,0.3549748862027684,0.09,4,4.979145526885986
1770917878.9625514,0.3457324556934957,0.09,4,4.979145526885986
1770917879.0239563,0.3655045002367085,0.09,4,4.979145526885986
1770917879.0735738,0.3714361135996723,0.09,4,4.979145526885986
1770917879.1342983,0.3746674788565901,0.09,4,4.979145526885986
1770917879.195439,0.3605844821678302,0.09,4,4.979145526885986
1770917879.246822,0.3576950950008971,0.09,4,4.979145526885986
1770917879.299552,0.3500490540797467,0.09,4,4.979145526885986
1770917879.3569992,0.3524713310469168,0.09,4,4.979145526885986
1770917879.4187214,0.3499157479853527,0.09,4,4.979145526885986
1770917879.4688082,0.3667792161985326,0.09,4,4.979145526885986
1770917879.5300837,0.3703294004763224,0.09,4,4.979145526885986
1770917879.592748,0.3746136708408675,0.09,4,4.979145526885986
1770917879.6383371,0.368233761903033,0.09,4,4.979145526885986
1770917879.699356,0.3676660239142508,0.09,4,4.979145526885986
1770917879.750519,0.3569034533103511,0.09,4,4.979145526885986
1770917879.802525,0.3513991190679019,0.09,4,4.979145526885986
1770917879.8496354,0.3610721119376705,0.09,4,4.979145526885986
1770917879.8917065,0.3639740097986012,0.09,4,4.979145526885986
1770917879.9468296,0.348362381599142,0.09,4,4.979145526885986
1770917880.003259,0.3501407286973896,0.09,4,4.979145526885986
1770917880.0697925,0.3613623711159025,0.09,4,4.979145526885986
1770917880.1309657,0.3635724707934215,0.09,4,4.979145526885986
1770917880.1966803,0.355844427313897,0.09,4,4.979145526885986
1770917880.2558298,0.3402281965215471,0.09,4,4.979145526885986
1770917880.3216631,0.3455626406784144,0.09,4,4.979145526885986
1770917880.3833902,0.3379731540059565,0.09,4,4.979145526885986
1770917880.4452612,0.3404527625795654,0.09,4,4.979145526885986
1770917880.5106373,0.3460040853372358,0.09,4,4.979145526885986
1770917880.5582962,0.3460659967055532,0.09,4,4.979145526885986
1770917880.6206572,0.3619346480073905,0.09,4,4.979145526885986
1770917880.6795738,0.3568193780944572,0.09,4,4.979145526885986
1770917880.7401211,0.3619542974746709,0.09,4,4.979145526885986
1770917880.7911253,0.3643790453635549,0.09,4,4.979145526885986
1770917880.844394,0.3818893413520559,0.09,4,4.979145526885986
1770917880.900071,0.3715818100523531,0.09,4,4.979145526885986
1770917880.959927,0.3781383403027665,0.09,4,4.979145526885986
1770917881.0128582,0.3837072086032595,0.09,4,4.979145526885986
1770917881.0621555,0.4033229975829476,0.09,4,4.979145526885986
1770917881.1098578,0.3981352764820847,0.09,4,4.979145526885986
1770917881.1670043,0.3911011454812908,0.09,4,4.979145526885986
1770917881.2160938,0.3924701811295729,0.09,4,4.979145526885986
1770917881.273254,0.3947015451257031,0.09,4,4.979145526885986
1770917881.3328996,0.4084066528413371,0.09,4,4.979145526885986
1770917881.3894365,0.3902768711826346,0.09,4,4.979145526885986
1770917881.4552743,0.4057265900572286,0.09,4,4.979145526885986
1770917881.5106242,0.3951689360582197,0.09,4,4.979145526885986
1770917881.545272,0.4124515513915276,0.09,4,4.979145526885986
1770917881.6060836,0.4048856696280811,0.09,4,4.979145526885986
1770917881.6648064,0.4036629146064129,0.09,4,4.979145526885986
1770917881.7292883,0.4237777232464585,0.09,4,4.979145526885986
1770917881.789168,0.4139986259851177,0.09,4,4.979145526885986
1770917881.846007,0.4092925518067013,0.09,4,4.979145526885986
1770917881.9013443,0.4080938045682135,0.09,4,4.979145526885986
1770917881.95865,0.4074903371162502,0.09,4,4.979145526885986
1770917882.0143356,0.4061130849025878,0.09,4,4.979145526885986
1770917882.0478604,0.410341514212334,0.09,4,4.979145526885986
1770917882.0902226,0.4116100430052578,0.09,4,4.979145526885986
1770917882.1480048,0.4122701957338334,0.09,4,4.979145526885986
1770917882.2023983,0.4028891353737582,0.09,4,4.979145526885986
1770917882.2607143,0.3876881304561278,0.09,4,4.979145526885986
1770917882.3191774,0.4034481271088018,0.09,4,4.979145526885986
1770917882.3544202,0.4155965113065173,0.09,4,4.979145526885986
1770917882.4179037,0.4051003900032258,0.09,4,4.979145526885986
1770917882.4795012,0.431737408879057,0.09,4,4.979145526885986
1770917882.528491,0.4262707933356437,0.09,4,4.979145526885986
1770917882.5850797,0.4127037562461257,0.09,4,4.979145526885986
1770917882.6531775,0.4215771615193229,0.09,4,4.979145526885986
1770917882.7069564,0.4387537385556469,0.09,4,4.979145526885986
1770917882.7408576,0.4261512703949297,0.09,4,4.979145526885986
1770917882.789521,0.4217043900203198,0.09,4,4.979145526885986
1770917882.8490653,0.4103814018414708,0.09,4,4.979145526885986
1770917882.911858,0.4210713162683652,0.1,5,4.971158266067505
1770917882.971487,0.4214058616453479,0.1,5,4.971158266067505
1770917883.0343657,0.4252980397765636,0.1,5,4.971158266067505
1770917883.0824275,0.4343994318097406,0.1,5,4.971158266067505
1770917883.1410108,0.412432551693405,0.1,5,4.971158266067505
1770917883.200259,0.4079639305102487,0.1,5,4.971158266067505
1770917883.2590492,0.4196796377479588,0.1,5,4.971158266067505
1770917883.3159666,0.4230787931800625,0.1,5,4.971158266067505
1770917883.3745816,0.4261417405282965,0.1,5,4.971158266067505
1770917883.4380136,0.4259876304122004,0.1,5,4.971158266067505
1770917883.4853542,0.4173665404866089,0.1,5,4.971158266067505
1770917883.532198,0.4203401549814293,0.1,5,4.971158266067505
1770917883.5869386,0.418290216049491,0.1,5,4.971158266067505
1770917883.641863,0.4330852648541379,0.1,5,4.971158266067505
1770917883.694906,0.4306104138695281,0.1,5,4.971158266067505
1770917883.75597,0.4103341313764387,0.1,5,4.971158266067505
1770917883.808525,0.4159430575936569,0.1,5,4.971158266067505
1770917883.8651466,0.4299241817344323,0.1,5,4.971158266067505
1770917883.9261577,0.4274307091707287,0.1,5,4.971158266067505
1770917883.9877913,0.4144354577592295,0.1,5,4.971158266067505
1770917884.037852,0.4281226382652849,0.1,5,4.971158266067505
1770917884.0877495,0.4235615244859497,0.1,5,4.971158266067505
1770917884.1520195,0.4177169850438317,0.1,5,4.971158266067505
1770917884.2125983,0.419682527873519,0.1,5,4.971158266067505
1770917884.268461,0.4213850617026312,0.1,5,4.971158266067505
1770917884.3241467,0.420774072575795,0.1,5,4.971158266067505
1770917884.378305,0.431817950724589,0.1,5,4.971158266067505
1770917884.4390678,0.4145853463171179,0.1,5,4.971158266067505
1770917884.500375,0.4171461552656907,0.1,5,4.971158266067505
1770917884.533842,0.4138522523979047,0.1,5,4.971158266067505
1770917884.5687022,0.4128640815375688,0.1,5,4.971158266067505
1770917884.6291528,0.4169673769411582,0.1,5,4.971158266067505
1770917884.679424,0.420185985890863,0.1,5,4.971158266067505
1770917884.7429702,0.4211223819173818,0.1,5,4.971158266067505
1770917884.7977557,0.4106470237881753,0.1,5,4.971158266067505
1770917884.8639674,0.4139807002597384,0.1,5,4.971158266067505
1770917884.9250405,0.4248010882371908,0.1,5,4.971158266067505
1770917884.9834363,0.4264186593140488,0.1,5,4.971158266067505
1770917885.0430236,0.4189636538364312,0.1,5,4.971158266067505
1770917885.1017115,0.4367804767727966,0.1,5,4.971158266067505
1770917885.1509497,0.4268989970134206,0.1,5,4.971158266067505
1770917885.2041135,0.4338264402651628,0.1,5,4.971158266067505
1770917885.267697,0.4405347333890326,0.1,5,4.971158266067505
1770917885.323738,0.4181199756144149,0.1,5,4.971158266067505
1770917885.3864546,0.4273017347496819,0.1,5,4.971158266067505
1770917885.4424436,0.4246209551839279,0.1,5,4.971158266067505
1770917885.4933352,0.4185585150113049,0.1,5,4.971158266067505
1770917885.5536432,0.4312339361326043,0.1,5,4.971158266067505
1770917885.6003616,0.4143690896659917,0.1,5,4.971158266067505
1770917885.6651783,0.4163511461235496,0.1,5,4.971158266067505
1770917885.712863,0.416945763060817,0.1,5,4.971158266067505
1770917885.7658036,0.419063576845376,0.1,5,4.971158266067505
1770917885.818814,0.4364489636404609,0.1,5,4.971158266067505
1770917885.8703957,0.4248565242577792,0.1,5,4.971158266067505
1770917885.928396,0.4249119988930638,0.1,5,4.971158266067505
1770917885.9870057,0.4117372757256492,0.1,5,4.971158266067505
1770917886.0252216,0.4311648744369496,0.1,5,4.971158266067505
1770917886.0863876,0.4140456412265576,0.1,5,4.971158266067505
1770917886.1398342,0.4217198310875252,0.1,5,4.971158266067505
1770917886.195963,0.4327809793814781,0.1,5,4.971158266067505
1770917886.253864,0.4390350456477834,0.1,5,4.971158266067505
1770917886.3144245,0.431888416057562,0.1,5,4.971158266067505
1770917886.3666224,0.4295244094831227,0.1,5,4.971158266067505
1770917886.408317,0.4119137119332723,0.1,5,4.971158266067505
1770917886.45284,0.4066305026683172,0.1,5,4.971158266067505
1770917886.5114982,0.4095266572280158,0.1,5,4.971158266067505
1770917886.5709374,0.4221248519946672,0.1,5,4.971158266067505
1770917886.6240308,0.4378305930239,0.1,5,4.971158266067505
1770917886.6716237,0.4270672537655972,0.1,5,4.971158266067505
1770917886.7050574,0.427655206971056,0.1,5,4.971158266067505
1770917886.7613757,0.4231423590151791,0.1,5,4.971158266067505
1770917886.8051186,0.4226591339230934,0.1,5,4.971158266067505
1770917886.8679893,0.4243640160323426,0.1,5,4.971158266067505
1770917886.9217515,0.4210240418416089,0.1,5,4.971158266067505
1770917886.9650004,0.4150019997853508,0.1,5,4.971158266067505
1770917887.0285563,0.4267665685339313,0.1,5,4.971158266067505
1770917887.0823214,0.4213199592281427,0.1,5,4.971158266067505
1770917887.14417,0.425256644400861,0.1,5,4.971158266067505
1770917887.193754,0.4369501880322847,0.1,5,4.971158266067505
1770917887.2565317,0.4243425879003803,0.1,5,4.971158266067505
1770917887.3158674,0.4246300016827214,0.1,5,4.971158266067505
1770917887.380411,0.4241719168702147,0.1,5,4.971158266067505
1770917887.4340897,0.4270851340646277,0.1,5,4.971158266067505
1770917887.4887297,0.4170904031829567,0.1,5,4.971158266067505
1770917887.5500855,0.4265070898622977,0.1,5,4.971158266067505
1770917887.6132648,0.4165307611119233,0.1,5,4.971158266067505
1770917887.6592622,0.413537862486811,0.1,5,4.971158266067505
1770917887.716484,0.423098064282391,0.1,5,4.971158266067505
1770917887.7656112,0.4242004401833438,0.1,5,4.971158266067505
1770917887.8267329,0.4167680763656641,0.1,5,4.971158266067505
1770917887.8830163,0.4275825765450007,0.1,5,4.971158266067505
1770917887.9438362,0.4213765116728795,0.11,6,4.953814506530762
1770917888.004031,0.427629113180856,0.11,6,4.953814506530762
1770917888.0580306,0.4324985203605294,0.11,6,4.953814506530762
1770917888.1206744,0.4276547548778239,0.11,6,4.953814506530762
1770917888.1722205,0.4313164174739363,0.11,6,4.953814506530762
1770917888.2058532,0.43241491625277,0.11,6,4.953814506530762
1770917888.2706492,0.4301036332686383,0.11,6,4.953814506530762
1770917888.304454,0.4294102483733988,0.11,6,4.953814506530762
1770917888.3677332,0.4214122669250257,0.11,6,4.953814506530762
1770917888.4288456,0.4156862817019359,0.11,6,4.953814506530762
1770917888.488736,0.4211389929304688,0.11,6,4.953814506530762
1770917888.5450263,0.4003776472716942,0.11,6,4.953814506530762
1770917888.580862,0.3941492435740618,0.11,6,4.953814506530762
1770917888.6399872,0.4150746395545078,0.11,6,4.953814506530762
1770917888.7069323,0.417187203083197,0.11,6,4.953814506530762
1770917888.7623532,0.430256695603715,0.11,6,4.953814506530762
1770917888.8164997,0.4304807283722666,0.11,6,4.953814506530762
1770917888.877298,0.4237752131393153,0.11,6,4.953814506530762
1770917888.9359646,0.4309246392417146,0.11,6,4.953814506530762
1770917888.972181,0.4330694670724344,0.11,6,4.953814506530762
1770917889.0359342,0.4223912473078057,0.11,6,4.953814506530762
1770917889.0857563,0.4294677884395568,0.11,6,4.953814506530762
1770917889.146559,0.4217348865943328,0.11,6,4.953814506530762
1770917889.1983254,0.4155107369845758,0.11,6,4.953814506530762
1770917889.2589166,0.4203685937456585,0.11,6,4.953814506530762
1770917889.3253913,0.4337141484363992,0.11,6,4.953814506530762
1770917889.3895736,0.4269734587368154,0.11,6,4.953814506530762
1770917889.4488006,0.4288254405420861,0.11,6,4.953814506530762
1770917889.50673,0.4322342772039713,0.11,6,4.953814506530762
1770917889.562521,0.4269112508791693,0.11,6,4.953814506530762
1770917889.6133218,0.4451016160326806,0.11,6,4.953814506530762
1770917889.6733155,0.4452826302705533,0.11,6,4.953814506530762
1770917889.735873,0.4169181569075405,0.11,6,4.953814506530762
1770917889.799218,0.4200001359824907,0.11,6,4.953814506530762
1770917889.8484268,0.4193948143797031,0.11,6,4.953814506530762
1770917889.903881,0.419861489486474,0.11,6,4.953814506530762
1770917889.9594245,0.4304200131963657,0.11,6,4.953814506530762
1770917890.017093,0.4147279645370212,0.11,6,4.953814506530762
1770917890.0675163,0.4180203255603539,0.11,6,4.953814506530762
1770917890.101787,0.4190080338673537,0.11,6,4.953814506530762
1770917890.1478448,0.4328845027535044,0.11,6,4.953814506530762
1770917890.2041504,0.4249594539017433,0.11,6,4.953814506530762
1770917890.263068,0.4168631883306212,0.11,6,4.953814506530762
1770917890.3223095,0.4216024134245992,0.11,6,4.953814506530762
1770917890.379707,0.4286995230354355,0.11,6,4.953814506530762
1770917890.4420166,0.4143704102113236,0.11,6,4.953814506530762
1770917890.5026908,0.432857655344337,0.11,6,4.953814506530762
1770917890.5578349,0.4208967665877322,0.11,6,4.953814506530762
1770917890.6125462,0.4198149384769968,0.11,6,4.953814506530762
1770917890.660837,0.4291792190833975,0.11,6,4.953814506530762
1770917890.6959312,0.4256031748174311,0.11,6,4.953814506530762
1770917890.754044,0.4262205353385559,0.11,6,4.953814506530762
1770917890.811517,0.4497009228520421,0.11,6,4.953814506530762
1770917890.8681366,0.4483184507440315,0.11,6,4.953814506530762
1770917890.9271364,0.4476859316646899,0.11,6,4.953814506530762
1770917890.981424,0.4606251898421365,0.11,6,4.953814506530762
1770917891.0404065,0.4640915299021362,0.11,6,4.953814506530762
1770917891.084815,0.4646143935968752,0.11,6,4.953814506530762
1770917891.1429138,0.4728824599358686,0.11,6,4.953814506530762
1770917891.1768067,0.4597782675064948,0.11,6,4.953814506530762
1770917891.2222466,0.4442567169351997,0.11,6,4.953814506530762
1770917891.256194,0.4396002517638112,0.11,6,4.953814506530762
1770917891.295133,0.4661506494660123,0.11,6,4.953814506530762
1770917891.3589091,0.4614941556433559,0.11,6,4.953814506530762
1770917891.4066432,0.460097207496559,0.11,6,4.953814506530762
1770917891.462088,0.4742423421986266,0.11,6,4.953814506530762
1770917891.5213194,0.4747611179381635,0.11,6,4.953814506530762
1770917891.5765555,0.4658599068635591,0.11,6,4.953814506530762
1770917891.628719,0.4777167502780344,0.11,6,4.953814506530762
1770917891.6884568,0.481273803302377,0.11,6,4.953814506530762
1770917891.7442243,0.4778772286945446,0.11,6,4.953814506530762
1770917891.8042738,0.4878437072213277,0.11,6,4.953814506530762
1770917891.8565931,0.4891027039745343,0.11,6,4.953814506530762
1770917891.9054997,0.4698820612856149,0.11,6,4.953814506530762
1770917891.9612963,0.4791516147685422,0.11,6,4.953814506530762
1770917892.009405,0.473133549274549,0.11,6,4.953814506530762
1770917892.065996,0.477061181213231,0.11,6,4.953814506530762
1770917892.127362,0.4807011231125526,0.11,6,4.953814506530762
1770917892.1781702,0.4767585342571422,0.11,6,4.953814506530762
1770917892.2375994,0.4717994509187181,0.11,6,4.953814506530762
1770917892.2970338,0.4787869788641641,0.11,6,4.953814506530762
1770917892.3491943,0.4875916165141697,0.11,6,4.953814506530762
1770917892.4034102,0.4896136621220117,0.11,6,4.953814506530762
1770917892.4659188,0.4865130275798409,0.11,6,4.953814506530762
1770917892.5279555,0.4794029078862611,0.11,6,4.953814506530762
1770917892.586417,0.4822433273689891,0.11,6,4.953814506530762
1770917892.6204553,0.4830954532138075,0.11,6,4.953814506530762
1770917892.6718943,0.4886138375532325,0.11,6,4.953814506530762
1770917892.724223,0.478747446368379,0.11,6,4.953814506530762
1770917892.7855742,0.5027745862483812,0.11,6,4.953814506530762
1770917892.8495903,0.484285751347169,0.11,6,4.953814506530762
1770917892.8976507,0.4787391008768052,0.11,6,4.953814506530762
1770917892.9525926,0.4680622234995223,0.12,7,4.978060483932495
1770917893.0087836,0.4760198525346149,0.12,7,4.978060483932495
1770917893.0478237,0.4784071412451426,0.12,7,4.978060483932495
1770917893.096223,0.4845089155601496,0.12,7,4.978060483932495
1770917893.1541796,0.4873577065741219,0.12,7,4.978060483932495
1770917893.207934,0.48771429480201,0.12,7,4.978060483932495
1770917893.2625546,0.4783976981395709,0.12,7,4.978060483932495
1770917893.3227992,0.4920966093679811,0.12,7,4.978060483932495
1770917893.3795424,0.4731617253690793,0.12,7,4.978060483932495
1770917893.423131,0.4814479387056332,0.12,7,4.978060483932495
1770917893.4735465,0.4796713623431587,0.12,7,4.978060483932495
1770917893.5285568,0.476536191354074,0.12,7,4.978060483932495
1770917893.583056,0.4851199202743437,0.12,7,4.978060483932495
1770917893.6460395,0.4913231441551221,0.12,7,4.978060483932495
1770917893.700027,0.4950957627658018,0.12,7,4.978060483932495
1770917893.7635229,0.4854804388172857,0.12,7,4.978060483932495
1770917893.8142092,0.4825958416327308,0.12,7,4.978060483932495
1770917893.8705614,0.4854962514905603,0.12,7,4.978060483932495
1770917893.9273226,0.4981359327254827,0.12,7,4.978060483932495
1770917893.963281,0.5019278370959595,0.12,7,4.978060483932495
1770917894.0169375,0.4884007604780738,0.12,7,4.978060483932495
1770917894.070155,0.4972552599110267,0.12,7,4.978060483932495
1770917894.1290102,0.4970791281722131,0.12,7,4.978060483932495
1770917894.1878972,0.4893799780188861,0.12,7,4.978060483932495
1770917894.2298353,0.4828426928694134,0.12,7,4.978060483932495
1770917894.2675917,0.4952046023114531,0.12,7,4.978060483932495
1770917894.3357117,0.4935284764078598,0.12,7,4.978060483932495
1770917894.371297,0.4930256386367818,0.12,7,4.978060483932495
1770917894.4375484,0.4880536915594788,0.12,7,4.978060483932495
1770917894.4735558,0.4806981621482538,0.12,7,4.978060483932495
1770917894.5129638,0.4931770833596053,0.12,7,4.978060483932495
1770917894.5466614,0.4969207597230108,0.12,7,4.978060483932495
1770917894.5806,0.506446647443892,0.12,7,4.978060483932495
1770917894.6440158,0.4865292956294608,0.12,7,4.978060483932495
1770917894.6809585,0.4805540900851315,0.12,7,4.978060483932495
1770917894.7480052,0.4744736189831189,0.12,7,4.978060483932495
1770917894.8095524,0.4770556770250931,0.12,7,4.978060483932495
1770917894.8598747,0.483392155516916,0.12,7,4.978060483932495
1770917894.9129598,0.4981381536142028,0.12,7,4.978060483932495
1770917894.9665978,0.4953920565322248,0.12,7,4.978060483932495
1770917895.0217607,0.4882248242378651,0.12,7,4.978060483932495
1770917895.0768266,0.4763329886235742,0.12,7,4.978060483932495
1770917895.136721,0.4824781141322076,0.12,7,4.978060483932495
1770917895.1898851,0.4866813018453972,0.12,7,4.978060483932495
1770917895.2519913,0.4908067112923832,0.12,7,4.978060483932495
1770917895.314675,0.4922748734531971,0.12,7,4.978060483932495
1770917895.3750234,0.4903444656576394,0.12,7,4.978060483932495
1770917895.4382489,0.4897653433189721,0.12,7,4.978060483932495
1770917895.4972582,0.4832348342928025,0.12,7,4.978060483932495
1770917895.5579543,0.4788755291246785,0.12,7,4.978060483932495
1770917895.617043,0.4924964943449394,0.12,7,4.978060483932495
1770917895.6716895,0.4856732604320127,0.12,7,4.978060483932495
1770917895.7217634,0.4818105625883863,0.12,7,4.978060483932495
1770917895.756161,0.4806517532352983,0.12,7,4.978060483932495
1770917895.814604,0.4998491335918372,0.12,7,4.978060483932495
1770917895.8741465,0.4885175823012658,0.12,7,4.978060483932495
1770917895.918785,0.4851181169140944,0.12,7,4.978060483932495
1770917895.9646103,0.4894062669219277,0.12,7,4.978060483932495
1770917896.0111372,0.4841697826776873,0.12,7,4.978060483932495
1770917896.0689394,0.4826958725280941,0.12,7,4.978060483932495
1770917896.1030104,0.4932079163949423,0.12,7,4.978060483932495
1770917896.167423,0.4843281940394222,0.12,7,4.978060483932495
1770917896.223768,0.4895909237696444,0.12,7,4.978060483932495
1770917896.2773669,0.4860658897482812,0.12,7,4.978060483932495
1770917896.3261666,0.4943692313483026,0.12,7,4.978060483932495
1770917896.3770058,0.4856312137454782,0.12,7,4.978060483932495
1770917896.4325104,0.4883768990416886,0.12,7,4.978060483932495
1770917896.4879436,0.4821901038529391,0.12,7,4.978060483932495
1770917896.539495,0.4803340652963142,0.12,7,4.978060483932495
1770917896.5978985,0.4914812709384248,0.12,7,4.978060483932495
1770917896.648528,0.481415677939827,0.12,7,4.978060483932495
1770917896.7036977,0.5036661508989455,0.12,7,4.978060483932495
1770917896.7624586,0.4867191896096804,0.12,7,4.978060483932495
1770917896.8004863,0.4952880795470646,0.12,7,4.978060483932495
1770917896.8541071,0.4916428142702735,0.12,7,4.978060483932495
1770917896.8876102,0.4905492346872362,0.12,7,4.978060483932495
1770917896.9313216,0.5002301495574646,0.12,7,4.978060483932495
1770917896.9860127,0.4995766371486104,0.12,7,4.978060483932495
1770917897.0475025,0.4861241079482509,0.12,7,4.978060483932495
1770917897.105692,0.4996642592072384,0.12,7,4.978060483932495
1770917897.164671,0.4906656336981807,0.12,7,4.978060483932495
1770917897.2189655,0.4846557670922656,0.12,7,4.978060483932495
1770917897.2736957,0.4851323142079453,0.12,7,4.978060483932495
1770917897.325704,0.4815553935531571,0.12,7,4.978060483932495
1770917897.379285,0.4894732890798703,0.12,7,4.978060483932495
1770917897.42206,0.4898753851993057,0.12,7,4.978060483932495
1770917897.483095,0.491065723082617,0.12,7,4.978060483932495
1770917897.5362306,0.4930104043519089,0.12,7,4.978060483932495
1770917897.5915806,0.4820623999551072,0.12,7,4.978060483932495
1770917897.640624,0.4974416753934636,0.12,7,4.978060483932495
1770917897.6906228,0.4965757651283005,0.12,7,4.978060483932495
1770917897.7443376,0.5104466995066392,0.12,7,4.978060483932495
1770917897.8016098,0.4828827868486036,0.12,7,4.978060483932495
1770917897.836885,0.4657405237579121,0.12,7,4.978060483932495
1770917897.8703446,0.4605978448307046,0.12,7,4.978060483932495
1770917897.930653,0.484719620008507,0.12,7,4.978060483932495
1770917897.9903316,0.4776948708567015,0.13,8,4.982880115509033
1770917898.0387332,0.4757939282738327,0.13,8,4.982880115509033
1770917898.0955794,0.4979207763827101,0.13,8,4.982880115509033
1770917898.1500163,0.4867378563421705,0.13,8,4.982880115509033
1770917898.207711,0.4851082747749108,0.13,8,4.982880115509033
1770917898.2591617,0.4942777403945698,0.13,8,4.982880115509033
1770917898.2925274,0.4865528295747272,0.13,8,4.982880115509033
1770917898.3436484,0.4842353563287743,0.13,8,4.982880115509033
1770917898.4047823,0.4731189460286575,0.13,8,4.982880115509033
1770917898.463986,0.4980297758418627,0.13,8,4.982880115509033
1770917898.5214212,0.5046750063464741,0.13,8,4.982880115509033
1770917898.5764585,0.4924496918639673,0.13,8,4.982880115509033
1770917898.6424932,0.4890999391892311,0.13,8,4.982880115509033
1770917898.698768,0.4855141321940091,0.13,8,4.982880115509033
1770917898.7569373,0.478843707322205,0.13,8,4.982880115509033
1770917898.8079624,0.4888013949798098,0.13,8,4.982880115509033
1770917898.863487,0.4856379060894331,0.13,8,4.982880115509033
1770917898.9211085,0.4978892929675739,0.13,8,4.982880115509033
1770917898.9732864,0.4914656649653768,0.13,8,4.982880115509033
1770917899.0326636,0.5037264371719747,0.13,8,4.982880115509033
1770917899.0863872,0.4922675318985009,0.13,8,4.982880115509033
1770917899.1473992,0.4945299516922427,0.13,8,4.982880115509033
1770917899.1970372,0.4805625871137655,0.13,8,4.982880115509033
1770917899.2569134,0.4733977538439446,0.13,8,4.982880115509033
1770917899.3234997,0.4969775149645016,0.13,8,4.982880115509033
1770917899.379783,0.5040514433006686,0.13,8,4.982880115509033
1770917899.441532,0.5048232727888023,0.13,8,4.982880115509033
1770917899.4976394,0.5033905702628099,0.13,8,4.982880115509033
1770917899.5564554,0.4823081509574932,0.13,8,4.982880115509033
1770917899.6093433,0.4827796945527028,0.13,8,4.982880115509033
1770917899.6660998,0.4800665161161259,0.13,8,4.982880115509033
1770917899.7317746,0.4808129242776046,0.13,8,4.982880115509033
1770917899.7659657,0.4853874622088773,0.13,8,4.982880115509033
1770917899.829371,0.4981338092396636,0.13,8,4.982880115509033
1770917899.8853252,0.5024601172517107,0.13,8,4.982880115509033
1770917899.9378214,0.4942869857777134,0.13,8,4.982880115509033
1770917899.9904523,0.4751123938882086,0.13,8,4.982880115509033
1770917900.0388987,0.482237599368907,0.13,8,4.982880115509033
1770917900.0828784,0.4843751610131165,0.13,8,4.982880115509033
1770917900.1226764,0.4810126987933224,0.13,8,4.982880115509033
1770917900.1652348,0.4953144924050006,0.13,8,4.982880115509033
1770917900.1996,0.5160084438676396,0.13,8,4.982880115509033
1770917900.2389195,0.5222166293064312,0.13,8,4.982880115509033
1770917900.293094,0.5010930643905335,0.13,8,4.982880115509033
1770917900.3565338,0.4953634791671478,0.13,8,4.982880115509033
1770917900.416538,0.50213041746683,0.13,8,4.982880115509033
1770917900.4742484,0.4984835801961155,0.13,8,4.982880115509033
1770917900.5296776,0.4925696665317525,0.13,8,4.982880115509033
1770917900.5887887,0.499619263793014,0.13,8,4.982880115509033
1770917900.6237826,0.5164783493662118,0.13,8,4.982880115509033
1770917900.669565,0.5215360750381712,0.13,8,4.982880115509033
1770917900.7235403,0.5105906337476596,0.13,8,4.982880115509033
1770917900.7621353,0.5022772378681101,0.13,8,4.982880115509033
1770917900.8047197,0.5117934780959528,0.13,8,4.982880115509033
1770917900.8548458,0.5159970955827271,0.13,8,4.982880115509033
1770917900.896051,0.5172581808287595,0.13,8,4.982880115509033
1770917900.9544654,0.5086593468891427,0.13,8,4.982880115509033
1770917901.0115693,0.5228138816073957,0.13,8,4.982880115509033
1770917901.070048,0.5155709290731787,0.13,8,4.982880115509033
1770917901.1295729,0.5302933421742226,0.13,8,4.982880115509033
1770917901.176675,0.525058039190301,0.13,8,4.982880115509033
1770917901.2365794,0.5317577827112481,0.13,8,4.982880115509033
1770917901.2953613,0.5301086658940313,0.13,8,4.982880115509033
1770917901.35076,0.5303741577469835,0.13,8,4.982880115509033
1770917901.3993742,0.5404175818543907,0.13,8,4.982880115509033
1770917901.4596825,0.5380355926198761,0.13,8,4.982880115509033
1770917901.5153525,0.5304215910110968,0.13,8,4.982880115509033
1770917901.575006,0.538030415624121,0.13,8,4.982880115509033
1770917901.6379097,0.5417317455957446,0.13,8,4.982880115509033
1770917901.682261,0.5455213402218742,0.13,8,4.982880115509033
1770917901.7325213,0.5408190934938663,0.13,8,4.982880115509033
1770917901.7943294,0.5358612324012044,0.13,8,4.982880115509033
1770917901.849229,0.5382252593531174,0.13,8,4.982880115509033
1770917901.912913,0.5359993005397421,0.13,8,4.982880115509033
1770917901.9651022,0.5493073971843011,0.13,8,4.982880115509033
1770917902.0023143,0.5489808183172487,0.13,8,4.982880115509033
1770917902.0545442,0.5505731392451515,0.13,8,4.982880115509033
1770917902.117943,0.533429302446498,0.13,8,4.982880115509033
1770917902.1710489,0.5598819389523617,0.13,8,4.982880115509033
1770917902.2338188,0.547785834233775,0.13,8,4.982880115509033
1770917902.2943308,0.5449029121361302,0.13,8,4.982880115509033
1770917902.3473077,0.5371410193715371,0.13,8,4.982880115509033
1770917902.408198,0.5389063847394058,0.13,8,4.982880115509033
1770917902.4557538,0.5364974660700681,0.13,8,4.982880115509033
1770917902.50149,0.5401678738678617,0.13,8,4.982880115509033
1770917902.56087,0.5420879332622095,0.13,8,4.982880115509033
1770917902.626772,0.5596865603049757,0.13,8,4.982880115509033
1770917902.6883156,0.5575753224339903,0.13,8,4.982880115509033
1770917902.7360127,0.5527599770742855,0.13,8,4.982880115509033
1770917902.7967029,0.551315373466374,0.13,8,4.982880115509033
1770917902.849496,0.5565499056051447,0.13,8,4.982880115509033
1770917902.908788,0.5636590009355098,0.13,8,4.982880115509033
1770917902.9732118,0.5696279827971393,0.13,8,4.982880115509033
1770917903.0235977,0.5675660091350835,0.15,9,4.99250340461731
1770917903.0870757,0.5576325137993423,0.15,9,4.99250340461731
1770917903.1498678,0.5578168257744007,0.15,9,4.99250340461731
1770917903.2030752,0.5563463893507345,0.15,9,4.99250340461731
1770917903.266598,0.5485874649873568,0.15,9,4.99250340461731
1770917903.323563,0.5490565111151787,0.15,9,4.99250340461731
1770917903.3773916,0.5651734751881752,0.15,9,4.99250340461731
1770917903.4313042,0.5677987219207228,0.15,9,4.99250340461731
1770917903.4915197,0.5673595336059846,0.15,9,4.99250340461731
1770917903.5422564,0.5672277771115631,0.15,9,4.99250340461731
1770917903.6011343,0.5542662077377594,0.15,9,4.99250340461731
1770917903.659681,0.5470418294801547,0.15,9,4.99250340461731
1770917903.721066,0.5523310818516958,0.15,9,4.99250340461731
1770917903.7742157,0.5430583021465876,0.15,9,4.99250340461731
1770917903.8326452,0.5546280258000379,0.15,9,4.99250340461731
1770917903.8872602,0.5640451180710391,0.15,9,4.99250340461731
1770917903.9420812,0.5628936418983268,0.15,9,4.99250340461731
1770917904.0031002,0.5523396791978945,0.15,9,4.99250340461731
1770917904.065139,0.5413557914655668,0.15,9,4.99250340461731
1770917904.1276784,0.5624308234953178,0.15,9,4.99250340461731
1770917904.1852806,0.5685439665629093,0.15,9,4.99250340461731
1770917904.227594,0.5537066021248102,0.15,9,4.99250340461731
1770917904.2788436,0.5504874730260025,0.15,9,4.99250340461731
1770917904.337223,0.5597345982764319,0.15,9,4.99250340461731
1770917904.396782,0.5588014998148043,0.15,9,4.99250340461731
1770917904.4582567,0.5519776909609566,0.15,9,4.99250340461731
1770917904.511105,0.5589594599728381,0.15,9,4.99250340461731
1770917904.5590794,0.5623235236337417,0.15,9,4.99250340461731
1770917904.6217194,0.5478042500143206,0.15,9,4.99250340461731
1770917904.6781538,0.5462905547540308,0.15,9,4.99250340461731
1770917904.734376,0.5613615966364466,0.15,9,4.99250340461731
1770917904.79458,0.557684766676777,0.15,9,4.99250340461731
1770917904.85023,0.5705090490594071,0.15,9,4.99250340461731
1770917904.9095523,0.5514275915497682,0.15,9,4.99250340461731
1770917904.9680352,0.5721562181819102,0.15,9,4.99250340461731
1770917905.0293484,0.566700019598843,0.15,9,4.99250340461731
1770917905.087448,0.5548108657086755,0.15,9,4.99250340461731
1770917905.1378677,0.5519660510581734,0.15,9,4.99250340461731
1770917905.1905856,0.5512497767318005,0.15,9,4.99250340461731
1770917905.2426343,0.5631617780283816,0.15,9,4.99250340461731
1770917905.2961984,0.5689164396937731,0.15,9,4.99250340461731
1770917905.3434238,0.5688009739973108,0.15,9,4.99250340461731
1770917905.38384,0.5687663342883721,0.15,9,4.99250340461731
1770917905.444812,0.555710906529343,0.15,9,4.99250340461731
1770917905.5077612,0.5617283956545333,0.15,9,4.99250340461731
1770917905.5572684,0.5510583171253384,0.15,9,4.99250340461731
1770917905.6134346,0.5490423087166441,0.15,9,4.99250340461731
1770917905.6770682,0.540686271843183,0.15,9,4.99250340461731
1770917905.7224605,0.5557289039019699,0.15,9,4.99250340461731
1770917905.760098,0.5696244534691547,0.15,9,4.99250340461731
1770917905.806818,0.5601621275850414,0.15,9,4.99250340461731
1770917905.8615963,0.5573234298198073,0.15,9,4.99250340461731
1770917905.8956208,0.551188141386847,0.15,9,4.99250340461731
1770917905.9513755,0.5554162936857359,0.15,9,4.99250340461731
1770917906.0066488,0.5610441580449769,0.15,9,4.99250340461731
1770917906.064634,0.5662690091010225,0.15,9,4.99250340461731
1770917906.1226106,0.5678364644178362,0.15,9,4.99250340461731
1770917906.1772747,0.5768833601240482,0.15,9,4.99250340461731
1770917906.2387352,0.5717845002898099,0.15,9,4.99250340461731
1770917906.2990248,0.5650548541008158,0.15,9,4.99250340461731
1770917906.3510375,0.5716087863208866,0.15,9,4.99250340461731
1770917906.4074163,0.5619026928820893,0.15,9,4.99250340461731
1770917906.4539616,0.5650899452907481,0.15,9,4.99250340461731
1770917906.5077212,0.5386771828472827,0.15,9,4.99250340461731
1770917906.5556042,0.5610262392111259,0.15,9,4.99250340461731
1770917906.5902667,0.5677309561202789,0.15,9,4.99250340461731
1770917906.6361194,0.545747127901102,0.15,9,4.99250340461731
1770917906.689141,0.5700025910658583,0.15,9,4.99250340461731
1770917906.7515736,0.5578218963358142,0.15,9,4.99250340461731
1770917906.7880025,0.5584211105164096,0.15,9,4.99250340461731
1770917906.827349,0.5563109892201794,0.15,9,4.99250340461731
1770917906.8905523,0.5618803761299009,0.15,9,4.99250340461731
1770917906.955032,0.567243725356189,0.15,9,4.99250340461731
1770917907.0048568,0.5373299819257724,0.15,9,4.99250340461731
1770917907.0593338,0.5580579441886264,0.15,9,4.99250340461731
1770917907.121163,0.5433807123975753,0.15,9,4.99250340461731
1770917907.1793303,0.5506432075605788,0.15,9,4.99250340461731
1770917907.2321117,0.5655263189478444,0.15,9,4.99250340461731
1770917907.2852335,0.5754663506917739,0.15,9,4.99250340461731
1770917907.3369355,0.5619071317051816,0.15,9,4.99250340461731
1770917907.3994875,0.5610388029264216,0.15,9,4.99250340461731
1770917907.4573665,0.5671716053319581,0.15,9,4.99250340461731
1770917907.509717,0.5690114460536191,0.15,9,4.99250340461731
1770917907.5446403,0.5592325008544092,0.15,9,4.99250340461731
1770917907.600386,0.5597214656512175,0.15,9,4.99250340461731
1770917907.663988,0.5584083332978275,0.15,9,4.99250340461731
1770917907.7134614,0.5580143935918105,0.15,9,4.99250340461731
1770917907.74819,0.5730503853521165,0.15,9,4.99250340461731
1770917907.805875,0.5515893921573898,0.15,9,4.99250340461731
1770917907.865333,0.5482566673650886,0.15,9,4.99250340461731
1770917907.922984,0.5501719804583964,0.15,9,4.99250340461731
1770917907.9586828,0.562041289613598,0.15,9,4.99250340461731
1770917908.0161011,0.5637818211270238,0.15,9,4.99250340461731
1770917908.0755942,0.5579777203812541,0.16,10,4.971750736236572
1770917908.1300838,0.5692947516240199,0.16,10,4.971750736236572
1770917908.1948876,0.5694593510866498,0.16,10,4.971750736236572
1770917908.2422338,0.5695087309254387,0.16,10,4.971750736236572
1770917908.3035254,0.5740412273280991,0.16,10,4.971750736236572
1770917908.362641,0.5697981520946758,0.16,10,4.971750736236572
1770917908.4212267,0.5586945744794,0.16,10,4.971750736236572
1770917908.4781387,0.5421809145778944,0.16,10,4.971750736236572
1770917908.5422726,0.5681656825817444,0.16,10,4.971750736236572
1770917908.5988631,0.5603805048168629,0.16,10,4.971750736236572
1770917908.6520607,0.5588360029941276,0.16,10,4.971750736236572
1770917908.6998174,0.558372652447307,0.16,10,4.971750736236572
1770917908.7542467,0.5631936938650198,0.16,10,4.971750736236572
1770917908.8009906,0.5646400062903337,0.16,10,4.971750736236572
1770917908.8614683,0.5610645898399794,0.16,10,4.971750736236572
1770917908.9085715,0.5598120166086654,0.16,10,4.971750736236572
1770917908.9583745,0.5537506962583353,0.16,10,4.971750736236572
1770917909.015158,0.5521071661416321,0.16,10,4.971750736236572
1770917909.078644,0.5611325001423414,0.16,10,4.971750736236572
1770917909.1373785,0.55915526727019,0.16,10,4.971750736236572
1770917909.194233,0.5557886036580997,0.16,10,4.971750736236572
1770917909.2563136,0.5524067088947566,0.16,10,4.971750736236572
1770917909.3068645,0.5570153272956877,0.16,10,4.971750736236572
1770917909.3545835,0.5592168413116858,0.16,10,4.971750736236572
1770917909.4135437,0.5517617984906766,0.16,10,4.971750736236572
1770917909.471039,0.558061432802059,0.16,10,4.971750736236572
1770917909.520555,0.5601341138715086,0.16,10,4.971750736236572
1770917909.582435,0.5493535738930033,0.16,10,4.971750736236572
1770917909.644875,0.5605238764118909,0.16,10,4.971750736236572
1770917909.6970398,0.5573986225666447,0.16,10,4.971750736236572
1770917909.755763,0.5562922404093162,0.16,10,4.971750736236572
1770917909.8045382,0.5559603257621177,0.16,10,4.971750736236572
1770917909.8643043,0.5574434181473659,0.16,10,4.971750736236572
1770917909.920862,0.5816430376886906,0.16,10,4.971750736236572
1770917909.9800634,0.5707918935725939,0.16,10,4.971750736236572
1770917910.0347428,0.5601486923597013,0.16,10,4.971750736236572
1770917910.0950427,0.5384593921349838,0.16,10,4.971750736236572
1770917910.1449735,0.5480882973736143,0.16,10,4.971750736236572
1770917910.2060528,0.5402620614457037,0.16,10,4.971750736236572
1770917910.2508109,0.554343101006644,0.16,10,4.971750736236572
1770917910.302231,0.5597062905972372,0.16,10,4.971750736236572
1770917910.3620265,0.5553843866366319,0.16,10,4.971750736236572
1770917910.3949282,0.5544560156098639,0.16,10,4.971750736236572
1770917910.4524894,0.5454414871163169,0.16,10,4.971750736236572
1770917910.5049777,0.5521425494313106,0.16,10,4.971750736236572
1770917910.5667143,0.5649046483351191,0.16,10,4.971750736236572
1770917910.6253555,0.5485932546548922,0.16,10,4.971750736236572
1770917910.682321,0.5513818655210462,0.16,10,4.971750736236572
1770917910.7157502,0.5566023679845141,0.16,10,4.971750736236572
1770917910.749931,0.5595101967847315,0.16,10,4.971750736236572
1770917910.8104317,0.5761671061203839,0.16,10,4.971750736236572
1770917910.8695602,0.5763812919191709,0.16,10,4.971750736236572
1770917910.9206357,0.5868582256006518,0.16,10,4.971750736236572
1770917910.974473,0.5780699519628985,0.16,10,4.971750736236572
1770917911.0322895,0.5850636043567242,0.16,10,4.971750736236572
1770917911.0907638,0.589999350035691,0.16,10,4.971750736236572
1770917911.1428068,0.5874953416063744,0.16,10,4.971750736236572
1770917911.1782186,0.609934321149535,0.16,10,4.971750736236572
1770917911.2300165,0.5943165195343935,0.16,10,4.971750736236572
1770917911.2954438,0.6076696169966629,0.16,10,4.971750736236572
1770917911.346726,0.5996132961903564,0.16,10,4.971750736236572
1770917911.4124513,0.6007877108149374,0.16,10,4.971750736236572
1770917911.4763403,0.6071716386201546,0.16,10,4.971750736236572
1770917911.532799,0.5953997558753054,0.16,10,4.971750736236572
1770917911.5907269,0.6147617145784618,0.16,10,4.971750736236572
1770917911.6457214,0.6251756588083375,0.16,10,4.971750736236572
1770917911.7080672,0.6275501423694647,0.16,10,4.971750736236572
1770917911.7750506,0.6253407471446157,0.16,10,4.971750736236572
1770917911.8295934,0.6224943952797417,0.16,10,4.971750736236572
1770917911.8900266,0.6338360250301165,0.16,10,4.971750736236572
1770917911.9459815,0.6071169889687875,0.16,10,4.971750736236572
1770917911.9948556,0.6193749613535936,0.16,10,4.971750736236572
1770917912.050537,0.6258771021652227,0.16,10,4.971750736236572
1770917912.1109087,0.6084941436085427,0.16,10,4.971750736236572
1770917912.165809,0.6197993365576785,0.16,10,4.971750736236572
1770917912.226877,0.6208722946237731,0.16,10,4.971750736236572
1770917912.2651184,0.6211941820436016,0.16,10,4.971750736236572
1770917912.3221772,0.6204184221633017,0.16,10,4.971750736236572
1770917912.3753817,0.6270487100514275,0.16,10,4.971750736236572
1770917912.4217954,0.6200471285794815,0.16,10,4.971750736236572
1770917912.485102,0.6086157694276747,0.16,10,4.971750736236572
1770917912.5390637,0.6215850594249945,0.16,10,4.971750736236572
1770917912.5881896,0.6161231727384768,0.16,10,4.971750736236572
1770917912.6415155,0.6229194538525578,0.16,10,4.971750736236572
1770917912.701985,0.6294846980662263,0.16,10,4.971750736236572
1770917912.7548006,0.6043131336159968,0.16,10,4.971750736236572
1770917912.8140602,0.636262684657664,0.16,10,4.971750736236572
1770917912.871089,0.6311856425189166,0.16,10,4.971750736236572
1770917912.9255626,0.6163544661922558,0.16,10,4.971750736236572
1770917912.991743,0.6172492528883708,0.16,10,4.971750736236572
1770917913.047345,0.63940907490439,0.16,10,4.971750736236572
1770917913.099408,0.6229962292510627,0.17,11,4.961089134216309
1770917913.1574285,0.6155803324136472,0.17,11,4.961089134216309
1770917913.2130916,0.6258598319737981,0.17,11,4.961089134216309
1770917913.2697425,0.6253574800030467,0.17,11,4.961089134216309
1770917913.3315184,0.6237322971256549,0.17,11,4.961089134216309
1770917913.387051,0.6084652229849468,0.17,11,4.961089134216309
1770917913.4387038,0.6235587322313001,0.17,11,4.961089134216309
1770917913.4790385,0.6280867850052061,0.17,11,4.961089134216309
1770917913.5438447,0.6465979714313804,0.17,11,4.961089134216309
1770917913.5891194,0.6382422241524087,0.17,11,4.961089134216309
1770917913.6413004,0.6330535484782056,0.17,11,4.961089134216309
1770917913.699031,0.6116595161872724,0.17,11,4.961089134216309
1770917913.7562542,0.6212904892254761,0.17,11,4.961089134216309
1770917913.8171334,0.6295225656959703,0.17,11,4.961089134216309
1770917913.875496,0.6319802755947267,0.17,11,4.961089134216309
1770917913.9371753,0.6294125778401277,0.17,11,4.961089134216309
1770917913.9900346,0.6219284704398906,0.17,11,4.961089134216309
1770917914.041969,0.62253046899329,0.17,11,4.961089134216309
1770917914.103389,0.6234422417169487,0.17,11,4.961089134216309
1770917914.1613412,0.6356197728887438,0.17,11,4.961089134216309
1770917914.2224002,0.6347150714952401,0.17,11,4.961089134216309
1770917914.2704709,0.6142604534425712,0.17,11,4.961089134216309
1770917914.3308206,0.6229462545222921,0.17,11,4.961089134216309
1770917914.3855643,0.6366817511469953,0.17,11,4.961089134216309
1770917914.442671,0.624550181219846,0.17,11,4.961089134216309
1770917914.4974823,0.6218460758803728,0.17,11,4.961089134216309
1770917914.5531502,0.6286989189849366,0.17,11,4.961089134216309
1770917914.6019113,0.6162731065064566,0.17,11,4.961089134216309
1770917914.6566243,0.6334315693913546,0.17,11,4.961089134216309
1770917914.710909,0.6289997478219125,0.17,11,4.961089134216309
1770917914.7609303,0.6068739983804565,0.17,11,4.961089134216309
1770917914.8209684,0.614935320287848,0.17,11,4.961089134216309
1770917914.8797522,0.6179139683710626,0.17,11,4.961089134216309
1770917914.933457,0.6345192745271798,0.17,11,4.961089134216309
1770917914.986337,0.6395008663740149,0.17,11,4.961089134216309
1770917915.0397947,0.6286153824851625,0.17,11,4.961089134216309
1770917915.1018567,0.6174762733115099,0.17,11,4.961089134216309
1770917915.147585,0.6259700929553289,0.17,11,4.961089134216309
1770917915.2033415,0.6286296556384894,0.17,11,4.961089134216309
1770917915.267439,0.6175629902810834,0.17,11,4.961089134216309
1770917915.3282747,0.6148411018621134,0.17,11,4.961089134216309
1770917915.3641677,0.6312482134740832,0.17,11,4.961089134216309
1770917915.414361,0.6198208699002767,0.17,11,4.961089134216309
1770917915.475333,0.627579474222677,0.17,11,4.961089134216309
1770917915.5291882,0.6137447258977927,0.17,11,4.961089134216309
1770917915.5713103,0.6095943014003274,0.17,11,4.961089134216309
1770917915.6326945,0.6192805607634346,0.17,11,4.961089134216309
1770917915.694867,0.6177442945983782,0.17,11,4.961089134216309
1770917915.7542794,0.6255814453196165,0.17,11,4.961089134216309
1770917915.8144877,0.6171209099778993,0.17,11,4.961089134216309
1770917915.873962,0.6244312237003383,0.17,11,4.961089134216309
1770917915.9213295,0.6201569391598473,0.17,11,4.961089134216309
1770917915.972942,0.6221798043282105,0.17,11,4.961089134216309
1770917916.0314243,0.6241417613599081,0.17,11,4.961089134216309
1770917916.0892644,0.632462022265825,0.17,11,4.961089134216309
1770917916.1401298,0.6357376917776679,0.17,11,4.961089134216309
1770917916.198953,0.6115520341948373,0.17,11,4.961089134216309
1770917916.2565143,0.6197851900798443,0.17,11,4.961089134216309
1770917916.289019,0.6222551368453464,0.17,11,4.961089134216309
1770917916.339852,0.6249258684185564,0.17,11,4.961089134216309
1770917916.39792,0.6203648150248119,0.17,11,4.961089134216309
1770917916.455026,0.6202605930449485,0.17,11,4.961089134216309
1770917916.5190268,0.6241454167885209,0.17,11,4.961089134216309
1770917916.5774102,0.6201756038584607,0.17,11,4.961089134216309
1770917916.633134,0.6138034753864274,0.17,11,4.961089134216309
1770917916.6940897,0.6118918368448175,0.17,11,4.961089134216309
1770917916.7590294,0.6276901193284895,0.17,11,4.961089134216309
1770917916.8156698,0.6296490880372924,0.17,11,4.961089134216309
1770917916.8779178,0.6422563313986364,0.17,11,4.961089134216309
1770917916.9342284,0.6234658164239406,0.17,11,4.961089134216309
1770917916.9888155,0.6380230920266962,0.17,11,4.961089134216309
1770917917.0490646,0.6240166073220309,0.17,11,4.961089134216309
1770917917.1048906,0.6203402945140035,0.17,11,4.961089134216309
1770917917.16546,0.6105880154115964,0.17,11,4.961089134216309
1770917917.2189867,0.6196989093222158,0.17,11,4.961089134216309
1770917917.2700915,0.6093888847600549,0.17,11,4.961089134216309
1770917917.3293614,0.6181183808258668,0.17,11,4.961089134216309
1770917917.3880603,0.6188492262851513,0.17,11,4.961089134216309
1770917917.4504378,0.6384028715232477,0.17,11,4.961089134216309
1770917917.5004685,0.6324539660830433,0.17,11,4.961089134216309
1770917917.557501,0.6366198641068508,0.17,11,4.961089134216309
1770917917.6114476,0.6396133027857666,0.17,11,4.961089134216309
1770917917.6526382,0.6330661087112095,0.17,11,4.961089134216309
1770917917.706365,0.6300384367850871,0.17,11,4.961089134216309
1770917917.7729204,0.6140181716824613,0.17,11,4.961089134216309
1770917917.837023,0.6230312702120899,0.17,11,4.961089134216309
1770917917.8923273,0.6183830954617847,0.17,11,4.961089134216309
1770917917.9447763,0.6190089670116553,0.17,11,4.961089134216309
1770917918.0025663,0.6167577170602762,0.17,11,4.961089134216309
1770917918.060497,0.6116627654201294,0.17,11,4.961089134216309
1770917918.1172411,0.6110681458206442,0.18,12,4.966318368911743
1770917918.1687684,0.6312150090594664,0.18,12,4.966318368911743
1770917918.2198558,0.637259068031113,0.18,12,4.966318368911743
1770917918.2714024,0.6333820710909774,0.18,12,4.966318368911743
1770917918.3254943,0.6321836144322845,0.18,12,4.966318368911743
1770917918.3833442,0.625145361777987,0.18,12,4.966318368911743
1770917918.4365747,0.6230338859816976,0.18,12,4.966318368911743
1770917918.497389,0.612918470732853,0.18,12,4.966318368911743
1770917918.5562956,0.621055999792511,0.18,12,4.966318368911743
1770917918.615862,0.6060706658446732,0.18,12,4.966318368911743
1770917918.6745777,0.6268105758752947,0.18,12,4.966318368911743
1770917918.728701,0.6233168361473223,0.18,12,4.966318368911743
1770917918.7888842,0.6294906416401292,0.18,12,4.966318368911743
1770917918.8510177,0.6183405209184258,0.18,12,4.966318368911743
1770917918.9082172,0.6235584397869076,0.18,12,4.966318368911743
1770917918.9695694,0.629972045097675,0.18,12,4.966318368911743
1770917919.017964,0.6417461978946711,0.18,12,4.966318368911743
1770917919.0755303,0.6405637871188111,0.18,12,4.966318368911743
1770917919.1376047,0.6429777058165902,0.18,12,4.966318368911743
1770917919.171419,0.6195065361250167,0.18,12,4.966318368911743
1770917919.2240677,0.6201352087511366,0.18,12,4.966318368911743
1770917919.280282,0.6184131635648411,0.18,12,4.966318368911743
1770917919.3240545,0.6178965500089525,0.18,12,4.966318368911743
1770917919.3789475,0.6110103110764074,0.18,12,4.966318368911743
1770917919.4305692,0.6188086036576069,0.18,12,4.966318368911743
1770917919.488979,0.638519295646297,0.18,12,4.966318368911743
1770917919.5497267,0.629600766077486,0.18,12,4.966318368911743
1770917919.5831554,0.6269252072068427,0.18,12,4.966318368911743
1770917919.6430194,0.634241552037791,0.18,12,4.966318368911743
1770917919.6905482,0.6229658265672853,0.18,12,4.966318368911743
1770917919.7412868,0.6299036019752996,0.18,12,4.966318368911743
1770917919.774805,0.6213783160778611,0.18,12,4.966318368911743
1770917919.8328393,0.6388384593754499,0.18,12,4.966318368911743
1770917919.884644,0.6272352665743646,0.18,12,4.966318368911743
1770917919.942701,0.6363626640865024,0.18,12,4.966318368911743
1770917919.9931629,0.6189059324901617,0.18,12,4.966318368911743
1770917920.0496814,0.625874666615961,0.18,12,4.966318368911743
1770917920.1094697,0.6163503285672356,0.18,12,4.966318368911743
1770917920.1507845,0.6215921061967011,0.18,12,4.966318368911743
1770917920.2079768,0.6242251567183851,0.18,12,4.966318368911743
1770917920.2744248,0.6173285977858689,0.18,12,4.966318368911743
1770917920.339996,0.6140340767349841,0.18,12,4.966318368911743
1770917920.3944328,0.6110281385884605,0.18,12,4.966318368911743
1770917920.4502208,0.6228878566436808,0.18,12,4.966318368911743
1770917920.5128732,0.6215572914000942,0.18,12,4.966318368911743
1770917920.575038,0.6266661504253892,0.18,12,4.966318368911743
1770917920.6289625,0.6236584906469046,0.18,12,4.966318368911743
1770917920.69267,0.6309818504834555,0.18,12,4.966318368911743
1770917920.750351,0.6379434577434434,0.18,12,4.966318368911743
1770917920.7953105,0.6482970939057995,0.18,12,4.966318368911743
1770917920.8404462,0.6514031847545063,0.18,12,4.966318368911743
1770917920.8957996,0.6406270316484459,0.18,12,4.966318368911743
1770917920.9496305,0.6426527060553253,0.18,12,4.966318368911743
1770917921.0034554,0.6452476640669477,0.18,12,4.966318368911743
1770917921.0465229,0.6609509956308974,0.18,12,4.966318368911743
1770917921.1038537,0.6583439582340951,0.18,12,4.966318368911743
1770917921.1484957,0.6543377438805906,0.18,12,4.966318368911743
1770917921.1995778,0.6635840759922822,0.18,12,4.966318368911743
1770917921.2458863,0.6497940405208082,0.18,12,4.966318368911743
1770917921.3078656,0.6523075173483779,0.18,12,4.966318368911743
1770917921.361622,0.6694638199732963,0.18,12,4.966318368911743
1770917921.4215157,0.6671408750266362,0.18,12,4.966318368911743
1770917921.4825523,0.6851788286759241,0.18,12,4.966318368911743
1770917921.5355828,0.6712594562834837,0.18,12,4.966318368911743
1770917921.5945296,0.6790226004236362,0.18,12,4.966318368911743
1770917921.6513736,0.6790140075253677,0.18,12,4.966318368911743
1770917921.7083504,0.6675915211951409,0.18,12,4.966318368911743
1770917921.7704594,0.6832786695916352,0.18,12,4.966318368911743
1770917921.823804,0.6814243727850383,0.18,12,4.966318368911743
1770917921.8765428,0.6808680837430592,0.18,12,4.966318368911743
1770917921.9322,0.6776882546494183,0.18,12,4.966318368911743
1770917921.988678,0.6705494249051922,0.18,12,4.966318368911743
1770917922.0206273,0.6718000404476556,0.18,12,4.966318368911743
1770917922.0815766,0.6816978008522819,0.18,12,4.966318368911743
1770917922.144214,0.6762253625882796,0.18,12,4.966318368911743
1770917922.2024002,0.665100668369909,0.18,12,4.966318368911743
1770917922.256604,0.6887852944404604,0.18,12,4.966318368911743
1770917922.2900424,0.6864602360146833,0.18,12,4.966318368911743
1770917922.3485403,0.6724991481937099,0.18,12,4.966318368911743
1770917922.406962,0.6845481048753406,0.18,12,4.966318368911743
1770917922.4578536,0.6907285511971777,0.18,12,4.966318368911743
1770917922.5173793,0.6819332541907669,0.18,12,4.966318368911743
1770917922.575983,0.6944876373757526,0.18,12,4.966318368911743
1770917922.6297824,0.6976639553178654,0.18,12,4.966318368911743
1770917922.6916146,0.6873246837546775,0.18,12,4.966318368911743
1770917922.7468598,0.6851118931151428,0.18,12,4.966318368911743
1770917922.813385,0.6854947223211416,0.18,12,4.966318368911743
1770917922.8627148,0.6936644734704892,0.18,12,4.966318368911743
1770917922.92876,0.6913450062776089,0.18,12,4.966318368911743
1770917922.971404,0.6959333504141436,0.18,12,4.966318368911743
1770917923.030563,0.6905405275414345,0.18,12,4.966318368911743
1770917923.0835595,0.6813739077560366,0.18,12,4.966318368911743
