scenario,estimator,drives,position_rmse_m,heading_rmse_rad,speed_rmse_mps,position_max_m,runtime_median_ms,runtime_p95_ms,attack_position_rmse_m,attack_heading_rmse_rad,attack_speed_rmse_mps
clean,ekf,3,0.021698722162516774,0.008863335036617535,0.007476449398214302,0.06622011781407837,0.39635,0.6380599999999997,,,
clean,robust,3,0.011954249791691244,0.005829238616412466,0.005772445289052168,0.033785321151280336,0.7672,1.0991299999999997,,,
clean,analytic_ablation,3,0.012335717783569428,0.0058303408462500525,0.00577278043439533,0.034055683197310074,0.61555,0.8660349999999992,,,
clean,legacy,3,0.7342318890185487,1.1420548904689347,0.10074233267171726,2.5878426623303685,6.4958,7.8894199999999985,,,
gps_jump,ekf,3,0.7308074072632298,0.008989305254594345,0.007476449398214302,1.7294272817394707,0.3972,0.6046,1.1965171589789387,0.008957555854546306,0.0069454464389135575
gps_jump,robust,3,0.013861949913469626,0.005829238616412466,0.005772445289052168,0.040793563439640496,0.73055,1.133305,0.015322636705072735,0.005768702511077673,0.005845555803001494
gps_jump,analytic_ablation,3,0.014191441585629117,0.0058303408462500525,0.00577278043439533,0.040810242840553075,0.6278,0.79911,0.015482580020459042,0.005769659854816622,0.005845834043634274
gps_jump,legacy,3,0.9750266727719211,1.1245693554930287,0.10293985547640495,3.2139130198349752,6.51575,8.280809999999997,1.3248082860233208,1.1629275444139004,0.08893476391353881
gps_ramp,ekf,3,0.5974552291774788,0.008931857452831716,0.007476449398214302,1.9548593541652315,0.39755,0.63701,0.9721585969855109,0.008764960424942063,0.0069454464389135575
gps_ramp,robust,3,0.07010679616749764,0.005829238616412466,0.005772445289052168,0.16967922914528064,0.7686,1.11011,0.11342840897521812,0.005768702511077673,0.005845555803001494
gps_ramp,analytic_ablation,3,0.22021741858252578,0.0058303408462500525,0.00577278043439533,0.4453155383947027,0.62585,0.8867249999999999,0.3575951857758638,0.005769659854816622,0.005845834043634274
gps_ramp,legacy,3,0.9206356755246048,1.1077613658455274,0.101231311266142,2.5340669667137306,6.96405,7.989875,1.1994664124904468,1.1525309447486525,0.08399051953854506
gps_freeze,ekf,3,1.9427825488226256,1.0118287223207545,0.007476449398214302,6.1610898075284934,0.3945,0.5963899999999995,3.170609320189681,1.6605729095479942,0.0069454464389135575
gps_freeze,robust,3,0.019787362049279538,0.006747147236509781,0.005772445289052168,0.06866158730740186,0.76465,1.1404299999999998,0.027896956043991335,0.0078572161791721,0.005845555803001494
gps_freeze,analytic_ablation,3,0.02550446450732343,0.008035076486564888,0.00577278043439533,0.08462461332814737,0.6264,0.9173249999999998,0.038105317514378394,0.010635410627563235,0.005845834043634274
gps_freeze,legacy,3,2.459517037049569,1.7578930028184272,0.15053964809159787,7.643347508471139,7.0886,8.5441,3.576075288024729,1.8314753324864097,0.14866752495069663
gps_dropout,ekf,3,0.07244671152907096,0.026062036503489334,0.007476449398214302,0.24439619457366957,0.3979,0.6335449999999991,0.11544074179925425,0.041204605571838256,0.0069454464389135575
gps_dropout,robust,3,0.023217646167205626,0.007038927884970802,0.005772504127950536,0.07670295486767384,0.7464500000000001,1.1234599999999997,0.03418670408493521,0.00851598864934983,0.00584571204868263
gps_dropout,analytic_ablation,3,0.023376995688690505,0.007039932160839153,0.00577278043439533,0.07669817482219674,0.6396,1.0247549999999996,0.03428786938559795,0.00851685715034926,0.005845834043634274
gps_dropout,legacy,3,4.3690223187436565,2.2047834408069864,0.15419118435402293,11.19604013337858,6.42395,8.06332,6.241965696164298,2.412510280836021,0.022657036803207374
gps_noise,ekf,3,0.25744282723953965,0.009484363533772366,0.007476449398214302,1.154770934129352,0.4097,0.6495449999999997,0.42157571075228584,0.010298262914256713,0.0069454464389135575
gps_noise,robust,3,0.0166276141223544,0.005829238616412466,0.005772445289052168,0.06467342401474226,0.79675,1.2624199999999994,0.021413618586949876,0.005768702511077673,0.005845555803001494
gps_noise,analytic_ablation,3,0.054045152015034605,0.0058303408462500525,0.00577278043439533,0.18811838015352947,0.63705,0.9558,0.08668915018977678,0.005769659854816622,0.005845834043634274
gps_noise,legacy,3,0.2296877192186155,0.41524861854796996,0.06608023472351075,1.1048550067197502,5.9572,8.906634999999998,0.34308194603516007,0.3861751800378564,0.06009850637156423
heading_bias,ekf,3,0.08956844884920498,0.5421579686926217,0.007476449398214302,0.2608681809011377,0.4125,0.7479899999999995,0.14405396294974523,0.8898259014557365,0.0069454464389135575
heading_bias,robust,3,0.01243917185505128,0.007038669778816818,0.005772445289052168,0.03952564085180923,0.80605,1.4383749999999995,0.012495276583862559,0.008515990849894647,0.005845555803001494
heading_bias,analytic_ablation,3,0.012821924519325147,0.007039928485705442,0.00577278043439533,0.041950697118092344,0.64365,1.1694949999999988,0.013050735879885512,0.008516857273925017,0.005845834043634274
heading_bias,legacy,3,0.9626568066063999,1.5477655540442297,0.1275080697024209,2.3375685921579583,7.239599999999999,12.320709999999986,1.1779279989485012,1.6114840727818893,0.14593465865137226
wheel_bias,ekf,3,0.08513230279022511,0.024504715502383694,0.3704598767606036,0.20274523076280115,0.4095,0.6870249999999999,0.13595476427762176,0.038387202655218215,0.6087992200193151
wheel_bias,robust,3,0.011937889418933511,0.005829239030393742,0.004578617743747672,0.03378376179029325,0.77895,1.4274799999999974,0.011075982782443268,0.005768703761005926,0.0005306192548264629
wheel_bias,analytic_ablation,3,0.01232291452411801,0.0058303408462500525,0.004580569120176785,0.034055558841641353,0.637,0.990605,0.011650682251269655,0.005769659854816622,0.0005306331936690702
wheel_bias,legacy,3,1.2780176789752158,1.9792918441500431,0.1851757585496977,2.885644262554257,7.018050000000001,9.538825,1.4758746552805306,2.072054494168147,0.24255540692238764
wheel_scale,ekf,3,0.08081374987545074,0.02380542674718592,0.35260388200296267,0.24560601151800351,0.4069,0.7925149999999999,0.12927481909908115,0.03723933212111553,0.5795006509100029
wheel_scale,robust,3,0.011937669057244922,0.005829239030393742,0.004578500067047611,0.03378376179029325,0.8109500000000001,1.5270349999999993,0.011075867962791516,0.005768703761005926,0.0005333452131652972
wheel_scale,analytic_ablation,3,0.020719092744152894,0.0058303408462500525,0.026067656585044004,0.14102966126236688,0.64355,1.1762499999999996,0.02837443556309612,0.005769659854816622,0.04214303713928747
wheel_scale,legacy,3,1.137618418839385,1.8640873875122814,0.1683385182599715,2.7405985269219455,7.3931,10.155585,1.384179645178755,2.0701456251092734,0.2312386632765463
wheel_freeze,ekf,3,0.0365639090490173,0.012190610372692952,0.13341975269552328,0.1457220533438406,0.4125,0.8997299999999993,0.05243995082891334,0.016213532623536756,0.2190169053576822
wheel_freeze,robust,3,0.011934644046815098,0.005829238834364614,0.004844576102688748,0.03374634404915857,0.7664,1.4057599999999997,0.011107876292292642,0.005768703225637785,0.00265787791954615
wheel_freeze,analytic_ablation,3,0.012336577496446685,0.0058303408462500525,0.00490134978959418,0.03405308392962791,0.6308,1.1876,0.011689818994155414,0.005769659854816622,0.0029158669468931473
wheel_freeze,legacy,3,1.2175906646738546,1.8737777391851078,0.1456554716655939,2.964104358378852,7.8916,10.704424999999995,1.286215644455656,1.7922343580514388,0.15133371271180465
imu_bias,ekf,3,0.021816549218993866,0.022051335261331594,0.007476449398214302,0.06622011781407837,0.4086,0.7915699999999996,0.021480997319143286,0.0341764187687099,0.0069454464389135575
imu_bias,robust,3,0.011981379487468975,0.005816510107539956,0.005772444736516797,0.0337880767346392,0.8183,1.4840649999999997,0.011166521962444234,0.00572285397628522,0.005845554336178436
imu_bias,analytic_ablation,3,0.012345357803941545,0.005817626664666443,0.00577278043439533,0.03405667243394874,0.6586,1.444779999999999,0.011687987958205958,0.005723787480459714,0.005845834043634274
imu_bias,legacy,3,0.7361782210120694,1.1434821250131262,0.10072255150587814,2.6026662865362535,6.0517,8.308139999999996,0.80026075064745,1.2212347522434652,0.08454158766027876
steering_bias,ekf,3,0.02223889115113679,0.049409992679506916,0.007476449398214302,0.06922805722610643,0.3984,0.7442099999999999,0.022632949436379227,0.08021807413930125,0.0069454464389135575
steering_bias,robust,3,0.011954249791691244,0.005829238616412466,0.005772445289052168,0.033785321151280336,0.78045,1.2816349999999999,0.011106512336330327,0.005768702511077673,0.005845555803001494
steering_bias,analytic_ablation,3,0.012335717783569428,0.0058303408462500525,0.00577278043439533,0.034055683197310074,0.62335,1.068315,0.011663972535808304,0.005769659854816622,0.005845834043634274
steering_bias,legacy,3,1.048203278634703,1.7598668917576346,0.14229327933637387,2.575128886543356,6.64395,8.456029999999998,1.0680001365251575,1.8269595946162613,0.14268552495086248
gps_wheel,ekf,3,0.7565232301516013,0.024747180686988786,0.3704598767606036,1.738729785619817,0.396,0.7162049999999983,1.2385534619023884,0.03879444094775152,0.6087992200193151
gps_wheel,robust,3,0.01355973304038056,0.005829239030393742,0.004578617743747672,0.04168053264732433,0.7625,1.2036,0.014543723800973156,0.005768703761005926,0.0005306192548264629
gps_wheel,analytic_ablation,3,0.01389890023195067,0.0058303408462500525,0.004580569120176785,0.0416670365457765,0.6167,1.10432,0.01473000659833835,0.005769659854816622,0.0005306331936690702
gps_wheel,legacy,3,1.476869899113182,2.01759082013814,0.1857176183071948,3.2652877003358056,6.15275,7.8645749999999985,1.8887633980471532,2.0973431977554395,0.24203620770527923
